organism_key,taxon,stage,code
NBNORG0000009210,Abraxas grossulariata,mature,1
NBNORG0000009211,Abraxas sylvata,mature,1
NBNORG0000041013,Abrostola tripartita,mature,2
NBNORG0000009564,Abrostola triplasia,mature,2
NBNORG0000057238,Acanthopsyche atra,mature,3
NBNORG0000057239,Acasis viretata,mature,1
NBNORG0000057240,Acentria ephemerella,mature,1
NBNORG0000009260,Acherontia atropos,mature,1
NBNORG0000009060,Achlya flavicornis,mature,1
NBNORG0000057241,Achlya flavicornis flavicornis,mature,1
NBNORG0000008833,Achlya flavicornis galbanus,mature,1
NBNORG0000008834,Achlya flavicornis scotica,mature,1
NBNORG0000057242,Achroia grisella,mature,1
NBNORG0000057243,Acleris abietana,mature,2
NBNORG0000057244,Acleris aspersana,mature,2
NBNORG0000041024,Acleris bergmanniana,mature,1
NBNORG0000057245,Acleris caledoniana,mature,4
NBNORG0000057246,Acleris comariana,mature,4
NBNORG0000057247,Acleris cristana,mature,1
NBNORG0000104244,Acleris effractana,mature,4
NBNORG0000057248,Acleris emargana,mature,4
NBNORG0000057249,Acleris ferrugana,mature,4
NBNORG0000086926,Acleris ferrugana/notana,mature,6
NBNORG0000041025,Acleris forsskaleana,mature,1
NBNORG0000057250,Acleris hastiana,mature,2
NBNORG0000041026,Acleris holmiana,mature,1
NBNORG0000057251,Acleris hyemana,mature,1
NBNORG0000057252,Acleris kochiella,mature,2
NBNORG0000057253,Acleris laterana,mature,4
NBNORG0000086927,Acleris laterana/comariana,mature,6
NBNORG0000057254,Acleris lipsiana,mature,3
NBNORG0000057255,Acleris literana,mature,1
NBNORG0000057256,Acleris logiana,mature,2
NBNORG0000057257,Acleris lorquiniana,mature,3
NBNORG0000057258,Acleris maccana,mature,4
NBNORG0000057259,Acleris notana,mature,4
NBNORG0000057260,Acleris permutana,mature,3
NBNORG0000057261,Acleris rhombana,mature,1
NBNORG0000057262,Acleris rufana,mature,2
NBNORG0000057263,Acleris schalleriana,mature,2
NBNORG0000057264,Acleris shepherdana,mature,3
NBNORG0000057265,Acleris sparsana,mature,1
NBNORG0000057266,Acleris umbrana,mature,3
NBNORG0000057267,Acleris variegana,mature,1
NBNORG0000057268,Acompsia cinerella,mature,2
NBNORG0000041027,Acompsia schmidtiellus,mature,2
NBNORG0000009545,Acontia lucida,mature,1
NBNORG0000009544,Acontia trabealis,mature,1
NBNORG0000057271,Acosmetia caliginosa,mature,1
NBNORG0000043513,Acrobasis advenella,mature,2
NBNORG0000057272,Acrobasis consociella,mature,2
NBNORG0000043514,Acrobasis marmorea,mature,2
NBNORG0000059413,Acrobasis repandana,mature,2
NBNORG0000043515,Acrobasis suavella,mature,2
NBNORG0000059414,Acrobasis tumidana,mature,2
NBNORG0000057273,Acrocercops brongniardella,mature,1
NBNORG0000057274,Acroclita subsequana,mature,3
NBNORG0000018479,Acrolepia autumnitella,mature,2
NBNORG0000057276,Acrolepiopsis assectella,mature,2
NBNORG0000057277,Acrolepiopsis betulella,mature,3
NBNORG0000057278,Acrolepiopsis marcidella,mature,3
NBNORG0000059420,Acronicta,mature,6
NBNORG0000009454,Acronicta aceris,mature,1
NBNORG0000009456,Acronicta alni,mature,1
NBNORG0000057279,Acronicta auricoma,mature,2
NBNORG0000009455,Acronicta leporina,mature,1
NBNORG0000009458,Acronicta menyanthidis,mature,1
NBNORG0000008881,Acronicta menyanthidis menyanthidis,mature,1
NBNORG0000057284,Acronicta menyanthidis scotica,mature,1
NBNORG0000009457,Acronicta psi,mature,4
NBNORG0000086959,Acronicta psi/tridens,mature,6
NBNORG0000009459,Acronicta rumicis,mature,2
NBNORG0000057285,Acronicta strigosa,mature,1
NBNORG0000057286,Acronicta tridens,mature,4
NBNORG0000009345,Actebia fennica,mature,2
NBNORG0000009344,Actebia praecox,mature,1
NBNORG0000009342,Actinotia polyodon,mature,1
NBNORG0000057289,Adaina microdactyla,mature,2
NBNORG0000057290,Adela croesella,mature,1
NBNORG0000057291,Adela cuprella,mature,2
NBNORG0000041031,Adela reaumurella,mature,1
NBNORG0000006845,Adoxophyes orana,mature,6
NBNORG0000059427,Adscita,mature,6
NBNORG0000057296,Adscita geryon,mature,3
NBNORG0000117172,Adscita geryon geryon,mature,3
NBNORG0000009014,Adscita statices,mature,3
NBNORG0000117171,Adscita statices statices,mature,3
NBNORG0000116610,Aedia funesta,mature,3
NBNORG0000097764,Aedia leucomelas,mature,1
NBNORG0000057297,Aethalura punctulata,mature,1
NBNORG0000057298,Aethes beatricella,mature,2
NBNORG0000117222,Aethes bilbaensis,mature,4
NBNORG0000057299,Aethes cnicana,mature,2
NBNORG0000057300,Aethes dilucidana,mature,2
NBNORG0000122551,Aethes fennicana,mature,4
NBNORG0000117223,Aethes fennicana fennicana,mature,4
NBNORG0000057301,Aethes francillana,mature,2
NBNORG0000057302,Aethes hartmanniana,mature,2
NBNORG0000057303,Aethes margaritana,mature,3
NBNORG0000057304,Aethes margarotana,mature,4
NBNORG0000057305,Aethes piercei,mature,2
NBNORG0000057306,Aethes rubigana,mature,2
NBNORG0000057307,Aethes rutilana,mature,3
NBNORG0000057308,Aethes smeathmanniana,mature,2
NBNORG0000057309,Aethes tesserana,mature,1
NBNORG0000057310,Aethes williana,mature,2
NBNORG0000057311,Agapeta hamana,mature,1
NBNORG0000057312,Agapeta zoegana,mature,1
NBNORG0000057315,Agdistis bennetii,mature,1
NBNORG0000041011,Agdistis meridionalis,mature,3
NBNORG0000108230,Agdistis tamaricis,mature,3
NBNORG0000057317,Aglossa caprealis,mature,2
NBNORG0000057320,Aglossa pinguinalis,mature,1
NBNORG0000058859,Agnoea flavifrontella,mature,5
NBNORG0000058860,Agnoea josephinae,mature,5
NBNORG0000058861,Agnoea subochreella,mature,5
NBNORG0000057321,Agonopterix alstromeriana,mature,1
NBNORG0000057322,Agonopterix angelicella,mature,2
NBNORG0000057323,Agonopterix arenella,mature,2
NBNORG0000057324,Agonopterix assimilella,mature,2
NBNORG0000057325,Agonopterix astrantiae,mature,3
NBNORG0000057326,Agonopterix atomella,mature,3
NBNORG0000057327,Agonopterix bipunctosa,mature,2
NBNORG0000057328,Agonopterix capreolella,mature,3
NBNORG0000057329,Agonopterix carduella,mature,2
NBNORG0000057330,Agonopterix ciliella,mature,2
NBNORG0000057331,Agonopterix cnicella,mature,2
NBNORG0000057332,Agonopterix conterminella,mature,2
NBNORG0000057333,Agonopterix curvipunctosa,mature,3
NBNORG0000057334,Agonopterix heracliana,mature,2
NBNORG0000041034,Agonopterix kaekeritziana,mature,2
NBNORG0000057335,Agonopterix kuznetzovi,mature,3
NBNORG0000057336,Agonopterix liturosa,mature,2
NBNORG0000057337,Agonopterix nanatella,mature,2
NBNORG0000057338,Agonopterix nervosa,mature,2
NBNORG0000057339,Agonopterix ocellana,mature,1
NBNORG0000057340,Agonopterix pallorella,mature,2
NBNORG0000057341,Agonopterix propinquella,mature,2
NBNORG0000057342,Agonopterix purpurea,mature,1
NBNORG0000057343,Agonopterix putridella,mature,3
NBNORG0000057344,Agonopterix rotundella,mature,2
NBNORG0000057345,Agonopterix scopariella,mature,2
NBNORG0000057346,Agonopterix subpropinquella,mature,2
NBNORG0000041035,Agonopterix umbellana,mature,1
NBNORG0000057347,Agonopterix yeatiana,mature,2
NBNORG0000057348,Agriopis aurantiaria,mature,1
NBNORG0000057349,Agriopis leucophaearia,mature,1
NBNORG0000009237,Agriopis marginaria,mature,1
NBNORG0000057350,Agriphila geniculea,mature,2
NBNORG0000057351,Agriphila inquinatella,mature,2
NBNORG0000018495,Agriphila latistria,mature,1
NBNORG0000057352,Agriphila poliellus,mature,3
NBNORG0000057353,Agriphila selasella,mature,2
NBNORG0000057354,Agriphila straminella,mature,1
NBNORG0000057355,Agriphila tristella,mature,1
NBNORG0000008857,Agrius cingulata,mature,6
NBNORG0000009259,Agrius convolvuli,mature,1
NBNORG0000057409,Agrochola lychnidis,mature,2
NBNORG0000018501,Agrotera nemoralis,mature,1
NBNORG0000057412,Agrotis bigramma,mature,2
NBNORG0000117424,Agrotis catalaunensis,mature,5
NBNORG0000057411,Agrotis cinerea,mature,1
NBNORG0000009336,Agrotis clavis,mature,2
NBNORG0000009337,Agrotis exclamationis,mature,1
NBNORG0000099341,Agrotis graslini,mature,5
NBNORG0000057413,Agrotis herzogi,mature,5
NBNORG0000009338,Agrotis ipsilon,mature,1
NBNORG0000009339,Agrotis puta,mature,1
NBNORG0000008870,Agrotis puta insula,mature,1
NBNORG0000057414,Agrotis puta puta,mature,1
NBNORG0000057415,Agrotis ripae,mature,1
NBNORG0000057416,Agrotis segetum,mature,2
NBNORG0000059441,Agrotis trux,mature,1
NBNORG0000057418,Agrotis trux lunigera,mature,1
NBNORG0000117423,Agrotis trux trux,mature,1
NBNORG0000009335,Agrotis vestigialis,mature,1
NBNORG0000057420,Alabonia geoffrella,mature,1
NBNORG0000009244,Alcis jubata,mature,1
NBNORG0000009243,Alcis repandata,mature,2
NBNORG0000070483,Alcis repandata muraria,mature,2
NBNORG0000008854,Alcis repandata repandata,mature,2
NBNORG0000008855,Alcis repandata sodorensium,mature,2
NBNORG0000057421,Aleimma loeflingiana,mature,1
NBNORG0000057422,Aleucis distinctata,mature,2
NBNORG0000009435,Allophyes oxyacanthae,mature,1
NBNORG0000057423,Alsophila aescularia,mature,1
NBNORG0000041072,Altenia scriptella,mature,2
NBNORG0000057425,Alucita hexadactyla,mature,1
NBNORG0000057428,Amblyptilia acanthadactyla,mature,2
NBNORG0000057429,Amblyptilia punctidactyla,mature,2
NBNORG0000059452,Amphipoea,mature,6
NBNORG0000009512,Amphipoea crinanensis,mature,4
NBNORG0000059453,Amphipoea fucosa,mature,4
NBNORG0000057430,Amphipoea fucosa fucosa,mature,4
NBNORG0000009511,Amphipoea fucosa paludis,mature,4
NBNORG0000009510,Amphipoea lucens,mature,4
NBNORG0000009513,Amphipoea oculea,mature,4
NBNORG0000086948,Amphipoea oculea agg.,mature,6
NBNORG0000059454,Amphipyra,mature,6
NBNORG0000059455,Amphipyra berbera,mature,2
NBNORG0000057431,Amphipyra berbera berbera,mature,2
NBNORG0000117333,Amphipyra berbera svenssoni,mature,2
NBNORG0000009465,Amphipyra pyramidea,mature,2
NBNORG0000009466,Amphipyra pyramidea agg.,mature,6
NBNORG0000009467,Amphipyra tragopoginis,mature,1
NBNORG0000057434,Amphisbatis incongruella,mature,2
NBNORG0000057436,Anacampsis blattariella,mature,4
NBNORG0000057437,Anacampsis populella,mature,4
NBNORG0000057439,Anacampsis temerella,mature,3
NBNORG0000058751,Anania coronata,mature,1
NBNORG0000057975,Anania crocealis,mature,1
NBNORG0000057440,Anania funebris,mature,1
NBNORG0000058634,Anania fuscalis,mature,2
NBNORG0000058221,Anania hortulata,mature,1
NBNORG0000058729,Anania lancealis,mature,1
NBNORG0000058752,Anania perlucidalis,mature,1
NBNORG0000059459,Anania stachydalis,mature,2
NBNORG0000006843,Anania terrealis,mature,2
NBNORG0000057441,Anania verbascalis,mature,1
NBNORG0000057442,Anaplectoides prasina,mature,1
NBNORG0000122869,Anarsia innoxiella,mature,5
NBNORG0000057443,Anarsia lineatella,mature,3
NBNORG0000057444,Anarsia spartiella,mature,2
NBNORG0000009372,Anarta melanopa,mature,1
NBNORG0000009370,Anarta myrtilli,mature,1
NBNORG0000009373,Anarta trifolii,mature,2
NBNORG0000086929,Anatrachyntis badia,mature,3
NBNORG0000057408,Anchoscelis haematidea,mature,2
NBNORG0000009445,Anchoscelis helvola,mature,2
NBNORG0000009446,Anchoscelis litura,mature,2
NBNORG0000009448,Anchoscelis lunosa,mature,1
NBNORG0000057356,Ancylis achatana,mature,2
NBNORG0000057357,Ancylis apicella,mature,1
NBNORG0000057358,Ancylis badiana,mature,1
NBNORG0000057359,Ancylis comptana,mature,2
NBNORG0000057360,Ancylis diminutana,mature,2
NBNORG0000057361,Ancylis geminana,mature,2
NBNORG0000057362,Ancylis laetana,mature,1
NBNORG0000057363,Ancylis mitterbacheriana,mature,1
NBNORG0000057364,Ancylis myrtillana,mature,1
NBNORG0000057365,Ancylis obtusana,mature,2
NBNORG0000057366,Ancylis paludana,mature,3
NBNORG0000057367,Ancylis subarcuana,mature,2
NBNORG0000057368,Ancylis tineana,mature,3
NBNORG0000057369,Ancylis uncella,mature,1
NBNORG0000057370,Ancylis unculana,mature,2
NBNORG0000057371,Ancylis unguicella,mature,1
NBNORG0000057445,Ancylis upupana,mature,3
NBNORG0000006868,Ancylodes pallens,mature,6
NBNORG0000057446,Ancylolomia tentaculella,mature,3
NBNORG0000086961,Ancylosis cinnamomella,mature,3
NBNORG0000057447,Ancylosis oblitella,mature,2
NBNORG0000057448,Anerastia lotella,mature,2
NBNORG0000009232,Angerona prunaria,mature,1
NBNORG0000058642,Anorthoa munda,mature,1
NBNORG0000057455,Anthophila fabriciana,mature,1
NBNORG0000057457,Antichloris eriphia,mature,6
NBNORG0000057459,Anticlea derivata,mature,1
NBNORG0000009194,Anticollix sparsata,mature,2
NBNORG0000057460,Antigastra catalaunalis,mature,1
NBNORG0000057461,Antispila metallella,mature,2
NBNORG0000057462,Antispila petryi,mature,5
NBNORG0000057462,Antispila petryi,mature,2
NBNORG0000009440,Antitype chi,mature,1
NBNORG0000057463,Apamea anceps,mature,2
NBNORG0000009488,Apamea crenata,mature,1
NBNORG0000009489,Apamea epomidion,mature,1
NBNORG0000057372,Apamea furva,mature,2
NBNORG0000117359,Apamea furva britannica,mature,2
NBNORG0000117358,Apamea furva furva,mature,2
NBNORG0000009490,Apamea lateritia,mature,1
NBNORG0000057373,Apamea lithoxylaea,mature,1
NBNORG0000009484,Apamea monoglypha,mature,1
NBNORG0000009487,Apamea oblonga,mature,2
NBNORG0000057374,Apamea remissa,mature,2
NBNORG0000009493,Apamea scolopacina,mature,1
NBNORG0000018509,Apamea sordens,mature,1
NBNORG0000009485,Apamea sublustris,mature,2
NBNORG0000009492,Apamea unanimis,mature,2
NBNORG0000009223,Apeira syringaria,mature,1
NBNORG0000097726,Aphelia paleana/unitana,mature,6
NBNORG0000057382,Aphelia viburnana,mature,2
NBNORG0000057383,Aphomia sociella,mature,1
NBNORG0000009063,Aplasta ononaria,mature,1
NBNORG0000057385,Aplocera efformata,mature,2
NBNORG0000009199,Aplocera plagiata,mature,2
NBNORG0000008850,Aplocera plagiata plagiata,mature,2
NBNORG0000057386,Aplocera plagiata scotica,mature,2
NBNORG0000057387,Aplocera praeformata,mature,2
NBNORG0000057388,Aplota palpellus,mature,2
NBNORG0000057389,Apocheima hispidaria,mature,1
NBNORG0000009026,Apoda limacodes,mature,1
NBNORG0000057390,Apodia bifractella,mature,2
NBNORG0000059489,Apomyelois bistriatella,mature,2
NBNORG0000041126,Apomyelois ceratoniae,mature,3
NBNORG0000059490,Aporophyla,mature,6
NBNORG0000059491,Aporophyla australis,mature,1
NBNORG0000057393,Aporophyla australis australis,mature,1
NBNORG0000009425,Aporophyla australis pascuea,mature,1
NBNORG0000008878,Aporophyla lueneburgensis,mature,3
NBNORG0000057394,Aporophyla lutulenta,mature,3
NBNORG0000009426,Aporophyla nigra,mature,1
NBNORG0000057395,Apotomis betuletana,mature,2
NBNORG0000057396,Apotomis capreana,mature,2
NBNORG0000057397,Apotomis infida,mature,3
NBNORG0000057398,Apotomis lineana,mature,2
NBNORG0000059493,Apotomis sauciana,mature,2
NBNORG0000057400,Apotomis semifasciana,mature,2
NBNORG0000057401,Apotomis sororculana,mature,2
NBNORG0000057402,Apotomis turbidana,mature,2
NBNORG0000086946,Aproaerema albifrontella,mature,4
NBNORG0000059099,Aproaerema albipalpella,mature,4
NBNORG0000057403,Aproaerema anthyllidella,mature,4
NBNORG0000059100,Aproaerema cinctella,mature,4
NBNORG0000059101,Aproaerema larseniella,mature,4
NBNORG0000059102,Aproaerema polychromella,mature,3
NBNORG0000059103,Aproaerema sangiella,mature,4
NBNORG0000059104,Aproaerema suecicella,mature,4
NBNORG0000059105,Aproaerema taeniolella,mature,2
NBNORG0000059106,Aproaerema vinella,mature,4
NBNORG0000058696,Apterogenum ypsillon,mature,2
NBNORG0000009522,Archanara dissoluta,mature,2
NBNORG0000057405,Archanara neurica,mature,2
NBNORG0000057407,Archiearis notha,mature,2
NBNORG0000009062,Archiearis parthenias,mature,2
NBNORG0000057464,Archinemapogon yildizae,mature,3
NBNORG0000057466,Archips betulana,mature,4
NBNORG0000057467,Archips crataegana,mature,2
NBNORG0000057468,Archips oporana,mature,3
NBNORG0000057469,Archips podana,mature,1
NBNORG0000057470,Archips rosana,mature,2
NBNORG0000057471,Archips xylosteana,mature,2
NBNORG0000009316,Arctia caja,mature,1
NBNORG0000059500,Arctia villica,mature,1
NBNORG0000057472,Arctia villica britannica,mature,1
NBNORG0000057473,Arctia villica villica,mature,1
NBNORG0000057475,Arctornis l-nigrum,mature,1
NBNORG0000057501,Arenostola phragmitidis,mature,1
NBNORG0000057503,Argolamprotes micella,mature,2
NBNORG0000057511,Argyresthia abdominalis,mature,3
NBNORG0000057512,Argyresthia albistria,mature,2
NBNORG0000057513,Argyresthia arceuthina,mature,2
NBNORG0000057514,Argyresthia aurulentella,mature,3
NBNORG0000041147,Argyresthia bonnetella,mature,2
NBNORG0000057515,Argyresthia brockeella,mature,1
NBNORG0000057516,Argyresthia conjugella,mature,2
NBNORG0000041149,Argyresthia cupressella,mature,2
NBNORG0000057518,Argyresthia curvella,mature,2
NBNORG0000057519,Argyresthia dilectella,mature,2
NBNORG0000057520,Argyresthia glabratella,mature,4
NBNORG0000057521,Argyresthia glaucinella,mature,2
NBNORG0000057522,Argyresthia goedartella,mature,1
NBNORG0000057524,Argyresthia ivella,mature,1
NBNORG0000057525,Argyresthia laevigatella,mature,4
NBNORG0000057526,Argyresthia praecocella,mature,3
NBNORG0000057527,Argyresthia pruniella,mature,2
NBNORG0000057528,Argyresthia pygmaeella,mature,1
NBNORG0000057529,Argyresthia retinella,mature,2
NBNORG0000057530,Argyresthia semifusca,mature,2
NBNORG0000057531,Argyresthia semitestacella,mature,2
NBNORG0000057532,Argyresthia sorbiella,mature,2
NBNORG0000041150,Argyresthia spinosella,mature,2
NBNORG0000057533,Argyresthia trifasciata,mature,1
NBNORG0000058616,Argyroploce arbutella,mature,2
NBNORG0000057535,Argyrotaenia ljungiana,mature,2
NBNORG0000057537,Aristotelia brizella,mature,2
NBNORG0000057538,Aristotelia ericinella,mature,2
NBNORG0000057539,Aristotelia subdecurtella,mature,3
NBNORG0000057540,Aroga velocella,mature,2
NBNORG0000057541,Aspilapteryx tringipennella,mature,1
NBNORG0000059511,Aspitates gilvaria,mature,2
NBNORG0000008856,Aspitates gilvaria burrenensis,mature,2
NBNORG0000057542,Aspitates gilvaria gilvaria,mature,2
NBNORG0000009257,Aspitates ochrearia,mature,2
NBNORG0000057543,Assara terebrella,mature,2
NBNORG0000057544,Asteroscopus sphinx,mature,1
NBNORG0000009204,Asthena albulata,mature,2
NBNORG0000057546,Atemelia torquatella,mature,3
NBNORG0000009447,Atethmia centrago,mature,1
NBNORG0000043032,Athetis hospes,mature,1
NBNORG0000057547,Athetis pallustris,mature,1
NBNORG0000057548,Athrips mouffetella,mature,1
NBNORG0000057549,Athrips rancidella,mature,4
NBNORG0000057550,Athrips tetrapunctella,mature,3
NBNORG0000009303,Atolmis rubricollis,mature,1
NBNORG0000057551,Augasma aeratella,mature,4
NBNORG0000057552,Autographa bractea,mature,1
NBNORG0000009559,Autographa gamma,mature,1
NBNORG0000009561,Autographa jota,mature,1
NBNORG0000009560,Autographa pulchrina,mature,1
NBNORG0000009343,Axylia putris,mature,1
NBNORG0000057554,Bacotia claustrella,mature,3
NBNORG0000057555,Bactra furfurana,mature,2
NBNORG0000057556,Bactra lacteana,mature,4
NBNORG0000057557,Bactra lancealana,mature,2
NBNORG0000057558,Bactra robustana,mature,2
NBNORG0000117234,Bactra venosana,mature,5
NBNORG0000101484,Bankesia conspurcatella,mature,3
NBNORG0000108225,Barea asbolaea,mature,3
NBNORG0000041193,Batia internella,mature,4
NBNORG0000057560,Batia lambdella,mature,2
NBNORG0000057561,Batia lunaris,mature,2
NBNORG0000057563,Batrachedra pinicolella,mature,2
NBNORG0000057564,Batrachedra praeangusta,mature,2
NBNORG0000057565,Bedellia somnulentella,mature,2
NBNORG0000057567,Bembecia ichneumoniformis,mature,1
NBNORG0000057568,Bena bicolorana,mature,1
NBNORG0000009236,Biston betularia,mature,1
NBNORG0000009235,Biston strataria,mature,1
NBNORG0000095894,Blastobasis adustella,mature,2
NBNORG0000099339,Blastobasis lacticolella,mature,2
NBNORG0000117491,Blastobasis maroccanella,mature,4
NBNORG0000057577,Blastobasis phycidella,mature,3
NBNORG0000117198,Blastobasis rebeli,mature,3
NBNORG0000117197,Blastobasis vittata,mature,4
NBNORG0000057578,Blastodacna atra,mature,2
NBNORG0000057579,Blastodacna hellerella,mature,2
NBNORG0000057582,Bohemannia auriciliella,mature,4
NBNORG0000041254,Bohemannia pulverosella,mature,5
NBNORG0000057583,Bohemannia quadrimaculella,mature,2
NBNORG0000057588,Borkhausenia fuscescens,mature,2
NBNORG0000057589,Borkhausenia minutella,mature,3
NBNORG0000009423,Brachionycha nubeculosa,mature,1
NBNORG0000057590,Brachmia blandella,mature,1
NBNORG0000057591,Brachmia inornatella,mature,3
NBNORG0000009422,Brachylomia viminalis,mature,1
NBNORG0000057726,Brevicornutia pallidana,mature,3
NBNORG0000009462,Bryophila domestica,mature,2
NBNORG0000057870,Bryophila raptricula,mature,1
NBNORG0000009463,Bryopsis muralis,mature,2
NBNORG0000057594,Bryotropha affinis,mature,2
NBNORG0000057595,Bryotropha basaltinella,mature,4
NBNORG0000057596,Bryotropha boreella,mature,4
NBNORG0000057597,Bryotropha desertella,mature,4
NBNORG0000057598,Bryotropha domestica,mature,2
NBNORG0000057599,Bryotropha dryadella,mature,4
NBNORG0000057601,Bryotropha galbanella,mature,3
NBNORG0000057602,Bryotropha politella,mature,2
NBNORG0000057603,Bryotropha senectella,mature,2
NBNORG0000057604,Bryotropha similis,mature,4
NBNORG0000057605,Bryotropha terrella,mature,2
NBNORG0000057606,Bryotropha umbrosella,mature,3
NBNORG0000057607,Bucculatrix albedinella,mature,2
NBNORG0000057609,Bucculatrix bechsteinella,mature,2
NBNORG0000117142,Bucculatrix chrysanthemella,mature,4
NBNORG0000057610,Bucculatrix cidarella,mature,1
NBNORG0000057611,Bucculatrix cristatella,mature,2
NBNORG0000057612,Bucculatrix demaryella,mature,2
NBNORG0000041340,Bucculatrix frangutella,mature,2
NBNORG0000006844,Bucculatrix humiliella,mature,6
NBNORG0000057613,Bucculatrix maritima,mature,2
NBNORG0000057614,Bucculatrix nigricomella,mature,2
NBNORG0000057615,Bucculatrix thoracella,mature,1
NBNORG0000057616,Bucculatrix ulmella,mature,4
NBNORG0000117143,Bucculatrix ulmifoliae,mature,4
NBNORG0000018508,Buckleria paludum,mature,2
NBNORG0000009249,Bupalus piniaria,mature,1
NBNORG0000009251,Cabera exanthemata,mature,2
NBNORG0000009250,Cabera pusaria,mature,2
NBNORG0000057617,Cacoecimorpha pronubana,mature,1
NBNORG0000058060,Cadra calidella,mature,4
NBNORG0000115862,Cadra cautella,mature,4
NBNORG0000115863,Cadra figulilella,mature,4
NBNORG0000059557,Calamia tridens,mature,1
NBNORG0000009518,Calamia tridens occidentalis,mature,1
NBNORG0000057618,Calamia tridens tridens,mature,1
NBNORG0000057619,Calamotropha paludella,mature,1
NBNORG0000009326,Callimorpha dominula,mature,1
NBNORG0000009570,Callistege mi,mature,1
NBNORG0000057620,Callisto coffeella,mature,3
NBNORG0000057621,Callisto denticulella,mature,1
NBNORG0000009294,Calliteara pudibunda,mature,1
NBNORG0000009476,Callopistria juventina,mature,1
NBNORG0000009477,Callopistria latreillei,mature,1
NBNORG0000009420,Calophasia lunula,mature,1
NBNORG0000009421,Calophasia platyptera,mature,2
NBNORG0000057623,Caloptilia alchimiella,mature,4
NBNORG0000057624,Caloptilia azaleella,mature,1
NBNORG0000057625,Caloptilia betulicola,mature,4
NBNORG0000057626,Caloptilia cuculipennella,mature,2
NBNORG0000057627,Caloptilia elongella,mature,4
NBNORG0000057628,Caloptilia falconipennella,mature,3
NBNORG0000057629,Caloptilia hemidactylella,mature,3
NBNORG0000132272,Caloptilia honoratella,mature,5
NBNORG0000057631,Caloptilia populetorum,mature,2
NBNORG0000057632,Caloptilia robustella,mature,4
NBNORG0000057633,Caloptilia rufipennella,mature,2
NBNORG0000057634,Caloptilia semifascia,mature,2
NBNORG0000057635,Caloptilia stigmatella,mature,1
NBNORG0000057637,Calybites phasianipennella,mature,2
NBNORG0000009254,Campaea margaritaria,mature,1
NBNORG0000059569,Camptogramma bilineata,mature,1
NBNORG0000057640,Capperia britanniodactylus,mature,2
NBNORG0000057641,Capua vulgana,mature,2
NBNORG0000042756,Caradrina clavipalpis,mature,2
NBNORG0000042757,Caradrina flavirena,mature,3
NBNORG0000105622,Caradrina kadenii,mature,2
NBNORG0000009531,Caradrina morpheus,mature,2
NBNORG0000057643,Carcina quercana,mature,1
NBNORG0000041375,Carpatolechia alburnella,mature,2
NBNORG0000041376,Carpatolechia decorella,mature,3
NBNORG0000041377,Carpatolechia fugitivella,mature,2
NBNORG0000041378,Carpatolechia notatella,mature,3
NBNORG0000041379,Carpatolechia proximella,mature,2
NBNORG0000059576,Carsia sororiata,mature,1
NBNORG0000009198,Carsia sororiata anglica,mature,1
NBNORG0000057644,Carsia sororiata sororiata,mature,1
NBNORG0000057646,Caryocolum alsinella,mature,4
NBNORG0000057647,Caryocolum blandella,mature,2
NBNORG0000041381,Caryocolum blandelloides,mature,4
NBNORG0000057648,Caryocolum blandulella,mature,4
NBNORG0000057649,Caryocolum fraternella,mature,4
NBNORG0000057650,Caryocolum huebneri,mature,4
NBNORG0000057651,Caryocolum junctella,mature,4
NBNORG0000057652,Caryocolum kroesmanniella,mature,4
NBNORG0000057653,Caryocolum marmorea,mature,4
NBNORG0000057654,Caryocolum proxima,mature,4
NBNORG0000057655,Caryocolum tricolorella,mature,4
NBNORG0000057656,Caryocolum vicinella,mature,2
NBNORG0000057657,Caryocolum viscariella,mature,4
NBNORG0000057658,Cataclysta lemnata,mature,1
NBNORG0000009117,Catarhoe cuculata,mature,1
NBNORG0000057659,Catarhoe rubidata,mature,1
NBNORG0000057661,Catephia alchymista,mature,5
NBNORG0000086949,Catocala conjuncta,mature,2
NBNORG0000009566,Catocala electa,mature,1
NBNORG0000008889,Catocala elocata,mature,3
NBNORG0000009565,Catocala fraxini,mature,1
NBNORG0000057662,Catocala nupta,mature,1
NBNORG0000008890,Catocala nymphagoga,mature,1
NBNORG0000057663,Catocala promissa,mature,2
NBNORG0000057664,Catocala sponsa,mature,2
NBNORG0000057666,Catoptria falsella,mature,1
NBNORG0000018497,Catoptria furcatellus,mature,1
NBNORG0000057667,Catoptria lythargyrella,mature,3
NBNORG0000057668,Catoptria margaritella,mature,1
NBNORG0000057669,Catoptria osthelderi,mature,3
NBNORG0000057670,Catoptria permutatellus,mature,2
NBNORG0000057671,Catoptria pinella,mature,1
NBNORG0000057672,Catoptria speculalis,mature,3
NBNORG0000057673,Catoptria verellus,mature,3
NBNORG0000057292,Cauchas fibulella,mature,1
NBNORG0000057293,Cauchas rufimitrella,mature,1
NBNORG0000057674,Cedestis gysseleniella,mature,2
NBNORG0000057675,Cedestis subfasciella,mature,1
NBNORG0000009519,Celaena haworthii,mature,1
NBNORG0000041388,Celypha aurofasciana,mature,3
NBNORG0000006859,Celypha cespitana,mature,2
NBNORG0000041389,Celypha doubledayana,mature,3
NBNORG0000057680,Celypha lacunana,mature,2
NBNORG0000041390,Celypha rivulana,mature,2
NBNORG0000057681,Celypha rosaceana,mature,2
NBNORG0000057682,Celypha rufana,mature,3
NBNORG0000057683,Celypha rurestrana,mature,4
NBNORG0000057684,Celypha striana,mature,1
NBNORG0000057685,Celypha woodiana,mature,3
NBNORG0000057687,Cephimallota crassiflavella,mature,3
NBNORG0000057689,Cepphis advenaria,mature,1
NBNORG0000042457,Ceramica pisi,mature,1
NBNORG0000009397,Cerapteryx graminis,mature,1
NBNORG0000057690,Cerastis leucographa,mature,2
NBNORG0000057691,Cerastis rubricosa,mature,1
NBNORG0000097389,Cerura erminea,mature,2
NBNORG0000009275,Cerura vinula,mature,1
NBNORG0000009527,Charanyca trigrammica,mature,1
NBNORG0000057695,Charissa obscurata,mature,1
NBNORG0000057698,Chesias legatella,mature,1
NBNORG0000009196,Chesias rufata,mature,1
NBNORG0000009197,Chesias rufata rufata,mature,1
NBNORG0000057699,Chesias rufata scotica,mature,1
NBNORG0000086950,Chiasmia aestimaria,mature,2
NBNORG0000041470,Chiasmia clathrata,mature,2
NBNORG0000041471,Chiasmia clathrata clathrata,mature,2
NBNORG0000041472,Chiasmia clathrata hugginsi,mature,2
NBNORG0000057700,Chilo phragmitella,mature,2
NBNORG0000009532,Chilodes maritima,mature,1
NBNORG0000057702,Chionodes distinctella,mature,4
NBNORG0000057703,Chionodes fumatella,mature,4
NBNORG0000057288,Chloantha hyperici,mature,1
NBNORG0000108233,Chlorissa cloraria,mature,5
NBNORG0000009067,Chlorissa viridata,mature,2
NBNORG0000057706,Chlorochlamys chloroleucaria,mature,5
NBNORG0000009133,Chloroclysta miata,mature,2
NBNORG0000009132,Chloroclysta siterata,mature,2
NBNORG0000009192,Chloroclystis v-ata,mature,1
NBNORG0000041514,Choreutis diana,mature,3
NBNORG0000117211,Choreutis nemorana,mature,3
NBNORG0000041515,Choreutis pariana,mature,1
NBNORG0000057709,Choristoneura diversana,mature,3
NBNORG0000057710,Choristoneura hebenstreitella,mature,2
NBNORG0000057711,Choristoneura lafauryana,mature,4
NBNORG0000041546,Chrysoclista lathamella,mature,3
NBNORG0000041547,Chrysoclista linneella,mature,2
NBNORG0000057713,Chrysocrambus craterella,mature,4
NBNORG0000057714,Chrysocrambus linetella,mature,4
NBNORG0000009552,Chrysodeixis acuta,mature,3
NBNORG0000009551,Chrysodeixis chalcites,mature,2
NBNORG0000057715,Chrysoesthia drurella,mature,2
NBNORG0000057716,Chrysoesthia sexguttella,mature,2
NBNORG0000057718,Chrysoteuchia culmella,mature,1
NBNORG0000009137,Cidaria fulvata,mature,1
NBNORG0000009054,Cilix glaucata,mature,1
NBNORG0000059196,Cirrhia gilvago,mature,2
NBNORG0000009451,Cirrhia icteritia,mature,1
NBNORG0000009452,Cirrhia ocellaris,mature,2
NBNORG0000057477,Clavigesta purdeyi,mature,2
NBNORG0000057478,Clavigesta sylvestrana,mature,3
NBNORG0000059627,Cleora cinctaria,mature,2
NBNORG0000008853,Cleora cinctaria bowesi,mature,2
NBNORG0000057479,Cleora cinctaria cinctaria,mature,2
NBNORG0000009245,Cleorodes lichenaria,mature,1
NBNORG0000057480,Clepsis consimilana,mature,1
NBNORG0000117216,Clepsis dumicolana,mature,3
NBNORG0000057482,Clepsis rurinana,mature,3
NBNORG0000057483,Clepsis senecionana,mature,2
NBNORG0000057484,Clepsis spectrana,mature,1
NBNORG0000057486,Clostera anachoreta,mature,2
NBNORG0000009289,Clostera curtula,mature,1
NBNORG0000009288,Clostera pigra,mature,1
NBNORG0000057488,Cnaemidophorus rhododactyla,mature,3
NBNORG0000057489,Cnephasia asseclana,mature,4
NBNORG0000057490,Cnephasia communana,mature,4
NBNORG0000057491,Cnephasia conspersana,mature,4
NBNORG0000057492,Cnephasia genitalana,mature,4
NBNORG0000057494,Cnephasia incertana,mature,4
NBNORG0000057495,Cnephasia longana,mature,2
NBNORG0000041585,Cnephasia pasiuana,mature,4
NBNORG0000108863,Cnephasia pumicana,mature,4
NBNORG0000057496,Cnephasia stephensiana,mature,4
NBNORG0000057720,Cochylichroa atricapitana,mature,2
NBNORG0000057497,Cochylidia heydeniana,mature,3
NBNORG0000057498,Cochylidia implicitana,mature,2
NBNORG0000057499,Cochylidia rupicola,mature,2
NBNORG0000057500,Cochylidia subroseana,mature,3
NBNORG0000057719,Cochylimorpha alternana,mature,3
NBNORG0000041590,Cochylimorpha straminea,mature,1
NBNORG0000057722,Cochylis flaviciliana,mature,3
NBNORG0000057727,Cochylis roseana,mature,2
NBNORG0000009526,Coenobia rufa,mature,2
NBNORG0000057728,Coenocalpe lapidata,mature,2
NBNORG0000057735,Coenophila subrosea,mature,1
NBNORG0000117290,Coenotephria salicata salicata,mature,2
NBNORG0000057736,Coleophora adjectella,mature,4
NBNORG0000057737,Coleophora adjunctella,mature,4
NBNORG0000057738,Coleophora adspersella,mature,4
NBNORG0000057739,Coleophora aestuariella,mature,4
NBNORG0000057740,Coleophora ahenella,mature,4
NBNORG0000018480,Coleophora albella,mature,3
NBNORG0000057752,Coleophora albicans,mature,4
NBNORG0000057741,Coleophora albicosta,mature,2
NBNORG0000057742,Coleophora albidella,mature,4
NBNORG0000057743,Coleophora albitarsella,mature,2
NBNORG0000057744,Coleophora alcyonipennella,mature,4
NBNORG0000086931,Coleophora alcyonipennella/frischella,mature,6
NBNORG0000057745,Coleophora alnifoliae,mature,4
NBNORG0000057746,Coleophora alticolella,mature,4
NBNORG0000086932,Coleophora alticolella/glaucicolella,mature,6
NBNORG0000057770,Coleophora amethystinella,mature,3
NBNORG0000057747,Coleophora anatipennella,mature,4
NBNORG0000057748,Coleophora antennariella,mature,4
NBNORG0000057749,Coleophora arctostaphyli,mature,4
NBNORG0000057750,Coleophora argentula,mature,4
NBNORG0000057751,Coleophora artemisicolella,mature,4
NBNORG0000057753,Coleophora asteris,mature,4
NBNORG0000057754,Coleophora atriplicis,mature,4
NBNORG0000057755,Coleophora badiipennella,mature,4
NBNORG0000057756,Coleophora betulella,mature,4
NBNORG0000057757,Coleophora binderella,mature,4
NBNORG0000057758,Coleophora caespititiella,mature,4
NBNORG0000117188,Coleophora calycotomella,mature,4
NBNORG0000057759,Coleophora chalcogrammella,mature,3
NBNORG0000057760,Coleophora clypeiferella,mature,3
NBNORG0000057761,Coleophora conspicuella,mature,3
NBNORG0000057762,Coleophora conyzae,mature,4
NBNORG0000057763,Coleophora coracipennella,mature,4
NBNORG0000057764,Coleophora currucipennella,mature,4
NBNORG0000057765,Coleophora deauratella,mature,2
NBNORG0000057766,Coleophora deviella,mature,4
NBNORG0000057767,Coleophora discordella,mature,2
NBNORG0000057768,Coleophora flavipennella,mature,4
NBNORG0000018481,Coleophora follicularis,mature,4
NBNORG0000057769,Coleophora frischella,mature,4
NBNORG0000057771,Coleophora fuscocuprella,mature,4
NBNORG0000057772,Coleophora galbulipennella,mature,4
NBNORG0000057773,Coleophora gardesanella,mature,4
NBNORG0000057774,Coleophora genistae,mature,4
NBNORG0000057775,Coleophora glaucicolella,mature,4
NBNORG0000057776,Coleophora glitzella,mature,4
NBNORG0000057777,Coleophora gryphipennella,mature,4
NBNORG0000057778,Coleophora hemerobiella,mature,1
NBNORG0000057779,Coleophora hydrolapathella,mature,4
NBNORG0000057780,Coleophora ibipennella,mature,4
NBNORG0000057781,Coleophora idaeella,mature,4
NBNORG0000057782,Coleophora inulae,mature,4
NBNORG0000057783,Coleophora juncicolella,mature,4
NBNORG0000057784,Coleophora kuehnella,mature,4
NBNORG0000057785,Coleophora laricella,mature,4
NBNORG0000057786,Coleophora lassella,mature,4
NBNORG0000058270,Coleophora limoniella,mature,3
NBNORG0000057787,Coleophora limosipennella,mature,4
NBNORG0000057788,Coleophora lineolea,mature,4
NBNORG0000057789,Coleophora linosyridella,mature,4
NBNORG0000057790,Coleophora lithargyrinella,mature,4
NBNORG0000057791,Coleophora lixella,mature,3
NBNORG0000041594,Coleophora lusciniaepennella,mature,4
NBNORG0000058482,Coleophora lutarea,mature,2
NBNORG0000057792,Coleophora lutipennella,mature,4
NBNORG0000091438,Coleophora lutipennella/flavipennella,mature,6
NBNORG0000057793,Coleophora maritimella,mature,4
NBNORG0000057794,Coleophora mayrella,mature,2
NBNORG0000057795,Coleophora milvipennis,mature,4
NBNORG0000057796,Coleophora niveicostella,mature,4
NBNORG0000057813,Coleophora nutantella,mature,4
NBNORG0000057797,Coleophora ochrea,mature,3
NBNORG0000057798,Coleophora orbitella,mature,4
NBNORG0000041596,Coleophora otidipennella,mature,4
NBNORG0000057799,Coleophora pappiferella,mature,4
NBNORG0000057800,Coleophora paripennella,mature,2
NBNORG0000057801,Coleophora pennella,mature,3
NBNORG0000057802,Coleophora peribenanderi,mature,4
NBNORG0000057803,Coleophora potentillae,mature,4
NBNORG0000057804,Coleophora prunifoliae,mature,4
NBNORG0000057805,Coleophora pyrrhulipennella,mature,2
NBNORG0000057806,Coleophora ramosella,mature,4
NBNORG0000057807,Coleophora salicorniae,mature,2
NBNORG0000057808,Coleophora salinella,mature,4
NBNORG0000057809,Coleophora saturatella,mature,3
NBNORG0000018482,Coleophora saxicolella,mature,4
NBNORG0000057810,Coleophora serpylletorum,mature,3
NBNORG0000057811,Coleophora serratella,mature,4
NBNORG0000057812,Coleophora siccifolia,mature,4
NBNORG0000057814,Coleophora solitariella,mature,4
NBNORG0000057815,Coleophora spinella,mature,4
NBNORG0000057816,Coleophora squamosella,mature,4
NBNORG0000057817,Coleophora sternipennella,mature,4
NBNORG0000057818,Coleophora striatipennella,mature,4
NBNORG0000057819,Coleophora sylvaticella,mature,4
NBNORG0000057820,Coleophora taeniipennella,mature,4
NBNORG0000018483,Coleophora tamesis,mature,4
NBNORG0000057821,Coleophora therinella,mature,4
NBNORG0000057822,Coleophora tricolor,mature,3
NBNORG0000057823,Coleophora trifolii,mature,2
NBNORG0000057824,Coleophora trigeminella,mature,4
NBNORG0000057825,Coleophora trochilella,mature,4
NBNORG0000057826,Coleophora versurella,mature,4
NBNORG0000057827,Coleophora vestianella,mature,4
NBNORG0000057828,Coleophora vibicella,mature,3
NBNORG0000057829,Coleophora vibicigerella,mature,3
NBNORG0000057830,Coleophora violacea,mature,4
NBNORG0000041595,Coleophora virgaureae,mature,4
NBNORG0000057831,Coleophora vitisella,mature,4
NBNORG0000041597,Coleophora vulnerariae,mature,3
NBNORG0000057832,Coleophora wockeella,mature,3
NBNORG0000041598,Coleotechnites piceaella,mature,4
NBNORG0000057836,Colobochyla salicalis,mature,1
NBNORG0000009549,Colocasia coryli,mature,1
NBNORG0000009141,Colostygia multistrigaria,mature,2
NBNORG0000057838,Colostygia olivata,mature,2
NBNORG0000009142,Colostygia pectinataria,mature,1
NBNORG0000057839,Colotois pennaria,mature,1
NBNORG0000057840,Comibaena bajularia,mature,1
NBNORG0000057841,Commophila aeneana,mature,3
NBNORG0000117410,Conisania andalusica andalusica,mature,1
NBNORG0000117411,Conisania andalusica barrettii,mature,1
NBNORG0000057842,Conistra erythrocephala,mature,2
NBNORG0000009442,Conistra ligula,mature,2
NBNORG0000057843,Conistra rubiginea,mature,1
NBNORG0000108466,Conistra rubiginosa,mature,1
NBNORG0000057844,Conistra vaccinii,mature,2
NBNORG0000041890,Coptotriche angusticollella,mature,3
NBNORG0000041891,Coptotriche gaunacella,mature,5
NBNORG0000041892,Coptotriche heinemanni,mature,3
NBNORG0000041893,Coptotriche marginea,mature,2
NBNORG0000009371,Coranarta cordigera,mature,1
NBNORG0000057845,Corcyra cephalonica,mature,2
NBNORG0000117503,Cornifrons ulceratalis,mature,5
NBNORG0000041627,Cornutiplusia circumflexa,mature,5
NBNORG0000009312,Coscinia cribraria,mature,1
NBNORG0000008864,Coscinia cribraria arenaria,mature,1
NBNORG0000008865,Coscinia cribraria bivittata,mature,1
NBNORG0000057846,Coscinia cribraria cribraria,mature,1
NBNORG0000009311,Coscinia striata,mature,1
NBNORG0000009480,Cosmia affinis,mature,2
NBNORG0000009481,Cosmia diffinis,mature,1
NBNORG0000057847,Cosmia pyralina,mature,2
NBNORG0000009482,Cosmia trapezina,mature,1
NBNORG0000057852,Cosmopterix lienigiella,mature,2
NBNORG0000057853,Cosmopterix orichalcea,mature,2
NBNORG0000086933,Cosmopterix pulchrimella,mature,2
NBNORG0000057854,Cosmopterix schmidiella,mature,3
NBNORG0000041658,Cosmopterix scribaiella,mature,3
NBNORG0000057855,Cosmopterix zieglerella,mature,2
NBNORG0000009126,Cosmorhoe ocellata,mature,1
NBNORG0000009013,Cossus cossus,mature,1
NBNORG0000009119,Costaconvexa polygrammata,mature,2
NBNORG0000057860,Crambus ericella,mature,2
NBNORG0000057861,Crambus hamella,mature,2
NBNORG0000057862,Crambus lathoniellus,mature,1
NBNORG0000057864,Crambus pascuella,mature,1
NBNORG0000057865,Crambus perlella,mature,1
NBNORG0000018494,Crambus pratella,mature,2
NBNORG0000057866,Crambus silvella,mature,2
NBNORG0000018493,Crambus uliginosellus,mature,2
NBNORG0000057867,Craniophora ligustri,mature,1
NBNORG0000041671,Crassa tinctella,mature,2
NBNORG0000057562,Crassa unitella,mature,2
NBNORG0000097759,Crocallis dardoinaria,mature,2
NBNORG0000009230,Crocallis elinguaria,mature,1
NBNORG0000057868,Crocidosema plebejana,mature,2
NBNORG0000009461,Cryphia algae,mature,1
NBNORG0000006879,Crypsedra gemmea,mature,1
NBNORG0000057871,Cryptoblabes bistriga,mature,1
NBNORG0000009553,Ctenoplusia accentifera,mature,2
NBNORG0000057873,Ctenoplusia limbirena,mature,2
NBNORG0000009416,Cucullia absinthii,mature,1
NBNORG0000009418,Cucullia artemisiae,mature,3
NBNORG0000057874,Cucullia asteris,mature,1
NBNORG0000057875,Cucullia chamomillae,mature,2
NBNORG0000059675,Cucullia gnaphalii,mature,1
NBNORG0000057876,Cucullia gnaphalii gnaphalii,mature,1
NBNORG0000057877,Cucullia gnaphalii occidentalis,mature,1
NBNORG0000043279,Cucullia lychnitis,mature,3
NBNORG0000058994,Cucullia scrophulariae,mature,4
NBNORG0000009419,Cucullia umbratica,mature,2
NBNORG0000043281,Cucullia verbasci,mature,3
NBNORG0000009304,Cybosia mesomella,mature,1
NBNORG0000009072,Cyclophora albipunctata,mature,1
NBNORG0000041713,Cyclophora annularia,mature,1
NBNORG0000057882,Cyclophora linearia,mature,2
NBNORG0000009071,Cyclophora pendularia,mature,2
NBNORG0000009073,Cyclophora porata,mature,3
NBNORG0000009074,Cyclophora punctaria,mature,2
NBNORG0000057883,Cyclophora puppillaria,mature,2
NBNORG0000104236,Cyclophora ruficiliaria,mature,3
NBNORG0000117262,Cydalima perspectalis,mature,1
NBNORG0000057884,Cydia amplana,mature,2
NBNORG0000057885,Cydia cognatana,mature,2
NBNORG0000057886,Cydia conicolana,mature,3
NBNORG0000057887,Cydia coniferana,mature,2
NBNORG0000057888,Cydia corollana,mature,3
NBNORG0000057889,Cydia cosmophorana,mature,2
NBNORG0000057890,Cydia fagiglandana,mature,2
NBNORG0000057891,Cydia illutana,mature,3
NBNORG0000117166,Cydia indivisa,mature,3
NBNORG0000057892,Cydia inquinatana,mature,3
NBNORG0000057893,Cydia leguminana,mature,3
NBNORG0000041716,Cydia medicaginis,mature,3
NBNORG0000041717,Cydia microgrammana,mature,3
NBNORG0000096282,Cydia millenniana,mature,3
NBNORG0000057894,Cydia nigricana,mature,2
NBNORG0000057895,Cydia pactolana,mature,3
NBNORG0000057896,Cydia pomonella,mature,1
NBNORG0000057897,Cydia servillana,mature,1
NBNORG0000057898,Cydia splendana,mature,2
NBNORG0000057899,Cydia strobilella,mature,2
NBNORG0000095897,Cydia ulicetana,mature,1
NBNORG0000062448,Cymatophorina diluta,mature,1
NBNORG0000057901,Cymatophorina diluta diluta,mature,1
NBNORG0000009059,Cymatophorina diluta hartwiegi,mature,1
NBNORG0000117227,Cymolomia hartigiana,mature,3
NBNORG0000057902,Cynaeda dentalis,mature,1
NBNORG0000057903,Dahlica inconspicuella,mature,2
NBNORG0000057904,Dahlica lichenella,mature,5
NBNORG0000057905,Dahlica triquetrella,mature,5
NBNORG0000009269,Daphnis nerii,mature,1
NBNORG0000058133,Dasycera oliviella,mature,1
NBNORG0000009424,Dasypolia templi,mature,1
NBNORG0000057908,Dasystoma salicella,mature,1
NBNORG0000009271,Deilephila elpenor,mature,1
NBNORG0000009272,Deilephila porcellus,mature,1
NBNORG0000009242,Deileptenia ribeata,mature,2
NBNORG0000058722,Delplanqueia dilutella,mature,4
NBNORG0000117610,Delplanqueia inscriptella,mature,4
NBNORG0000009543,Deltote bankiana,mature,1
NBNORG0000009541,Deltote deceptoria,mature,2
NBNORG0000009542,Deltote uncula,mature,1
NBNORG0000009045,Dendrolimus pini,mature,1
NBNORG0000041755,Denisia albimaculea,mature,3
NBNORG0000041756,Denisia augustella,mature,4
NBNORG0000041757,Denisia similella,mature,1
NBNORG0000041758,Denisia subaquilea,mature,2
NBNORG0000041522,Denticucullus pygmina,mature,2
NBNORG0000057909,Depressaria albipunctella,mature,3
NBNORG0000057910,Depressaria badiella,mature,4
NBNORG0000057911,Depressaria chaerophylli,mature,2
NBNORG0000057912,Depressaria daucella,mature,2
NBNORG0000057913,Depressaria depressana,mature,3
NBNORG0000057914,Depressaria discipunctella,mature,3
NBNORG0000057915,Depressaria douglasella,mature,2
NBNORG0000057917,Depressaria olerella,mature,3
NBNORG0000057919,Depressaria pimpinellae,mature,2
NBNORG0000041759,Depressaria pulcherrimella,mature,2
NBNORG0000057918,Depressaria radiella,mature,2
NBNORG0000057920,Depressaria silesiaca,mature,3
NBNORG0000057921,Depressaria sordidatella,mature,4
NBNORG0000057922,Depressaria ultimella,mature,2
NBNORG0000009554,Diachrysia chrysitis,mature,1
NBNORG0000009555,Diachrysia chryson,mature,1
NBNORG0000009317,Diacrisia sannio,mature,1
NBNORG0000041765,Dialectica imperialella,mature,3
NBNORG0000086934,Dialectica scalariella,mature,5
NBNORG0000009321,Diaphora mendica,mature,1
NBNORG0000057924,Diarsia brunnea,mature,2
NBNORG0000057925,Diarsia dahlii,mature,2
NBNORG0000009360,Diarsia florida,mature,3
NBNORG0000059699,Diarsia mendica,mature,2
NBNORG0000009356,Diarsia mendica mendica,mature,2
NBNORG0000009358,Diarsia mendica orkneyensis,mature,2
NBNORG0000009357,Diarsia mendica thulei,mature,2
NBNORG0000009359,Diarsia rubi,mature,2
NBNORG0000026812,Diasemia reticularis,mature,3
NBNORG0000057926,Diasemiopsis ramburialis,mature,2
NBNORG0000009293,Dicallomera fascelina,mature,2
NBNORG0000058597,Dichagyris flammatra,mature,2
NBNORG0000117215,Dichelia histrionana,mature,3
NBNORG0000122876,Dichomeris acuminatus,mature,5
NBNORG0000041773,Dichomeris alacella,mature,3
NBNORG0000057928,Dichomeris derasella,mature,3
NBNORG0000057929,Dichomeris juniperella,mature,3
NBNORG0000057930,Dichomeris marginella,mature,1
NBNORG0000057931,Dichomeris ustalella,mature,3
NBNORG0000057932,Dichrorampha acuminatana,mature,4
NBNORG0000057933,Dichrorampha aeratana,mature,4
NBNORG0000057938,Dichrorampha alpestrana,mature,4
NBNORG0000057934,Dichrorampha alpinana,mature,4
NBNORG0000057935,Dichrorampha consortana,mature,2
NBNORG0000057936,Dichrorampha flavidorsana,mature,4
NBNORG0000057939,Dichrorampha petiverella,mature,2
NBNORG0000057940,Dichrorampha plumbagana,mature,4
NBNORG0000057941,Dichrorampha plumbana,mature,4
NBNORG0000057942,Dichrorampha sedatana,mature,4
NBNORG0000057943,Dichrorampha senectana,mature,4
NBNORG0000057944,Dichrorampha sequana,mature,1
NBNORG0000057945,Dichrorampha simpliciana,mature,4
NBNORG0000057946,Dichrorampha sylvicolana,mature,4
NBNORG0000057937,Dichrorampha vancouverana,mature,2
NBNORG0000009479,Dicycla oo,mature,1
NBNORG0000057947,Digitivalva perlepidella,mature,3
NBNORG0000057948,Digitivalva pulicariae,mature,2
NBNORG0000009290,Diloba caeruleocephala,mature,1
NBNORG0000057950,Dioryctria abietella,mature,2
NBNORG0000057951,Dioryctria schuetzeella,mature,2
NBNORG0000041819,Dioryctria simplicella,mature,2
NBNORG0000086963,Dioryctria sylvestrella,mature,2
NBNORG0000057952,Diplodoma laichartingella,mature,1
NBNORG0000086936,Diplopseustis perieresalis,mature,3
NBNORG0000057954,Ditula angustiorana,mature,1
NBNORG0000057955,Diurnea fagella,mature,1
NBNORG0000057956,Diurnea lipsiella,mature,1
NBNORG0000057957,Dolicharthria punctalis,mature,1
NBNORG0000057958,Donacaula forficella,mature,2
NBNORG0000057959,Donacaula mucronella,mature,2
NBNORG0000009052,Drepana curvatula,mature,3
NBNORG0000009051,Drepana falcataria,mature,1
NBNORG0000041845,Dryadaula pactolia,mature,3
NBNORG0000057965,Drymonia dodonaea,mature,2
NBNORG0000057966,Drymonia ruficornis,mature,2
NBNORG0000006878,Dryobota labecula,mature,6
NBNORG0000009437,Dryobotodes eremita,mature,1
NBNORG0000108235,Dryobotodes roboris,mature,5
NBNORG0000117385,Dryobotodes tenebrosa,mature,2
NBNORG0000006866,Duponchelia fovealis,mature,6
NBNORG0000009469,Dypterygia scabriuscula,mature,1
NBNORG0000009258,Dyscia fagaria,mature,1
NBNORG0000058129,Dyseriocrania subpurpurella,mature,2
NBNORG0000009569,Dysgonia algira,mature,1
NBNORG0000009134,Dysstroma citrata,mature,2
NBNORG0000008896,Dysstroma citrata citrata,mature,2
NBNORG0000057707,Dysstroma citrata pythonissata,mature,2
NBNORG0000009136,Dysstroma truncata,mature,2
NBNORG0000009135,Dysstroma truncata concinnata,mature,2
NBNORG0000117282,Dysstroma truncata truncata,mature,2
NBNORG0000057967,Dystebenna stephensi,mature,3
NBNORG0000057968,Eana argentana,mature,3
NBNORG0000057969,Eana incanana,mature,4
NBNORG0000057970,Eana osseana,mature,1
NBNORG0000059729,Eana penziana,mature,2
NBNORG0000057971,Eana penziana colquhounana,mature,2
NBNORG0000057972,Eana penziana penziana,mature,2
NBNORG0000009547,Earias clorana,mature,2
NBNORG0000009548,Earias insulana,mature,5
NBNORG0000008887,Earias vittella,mature,6
NBNORG0000057458,Earophila badiata,mature,1
NBNORG0000041854,Eccopisa effractella,mature,3
NBNORG0000057976,Ecliptopera silaceata,mature,1
NBNORG0000057977,Ectoedemia agrimoniae,mature,5
NBNORG0000057978,Ectoedemia albifasciella,mature,5
NBNORG0000057979,Ectoedemia angulifasciella,mature,5
NBNORG0000057980,Ectoedemia arcuatella,mature,5
NBNORG0000057981,Ectoedemia argyropeza,mature,5
NBNORG0000057982,Ectoedemia atricollis,mature,5
NBNORG0000057984,Ectoedemia erythrogenella,mature,5
NBNORG0000086938,Ectoedemia hannoverella,mature,5
NBNORG0000099334,Ectoedemia heckfordi,mature,5
NBNORG0000086939,Ectoedemia heringella,mature,5
NBNORG0000057985,Ectoedemia heringi,mature,5
NBNORG0000057986,Ectoedemia intimella,mature,5
NBNORG0000057987,Ectoedemia minimella,mature,5
NBNORG0000057988,Ectoedemia occultella,mature,5
NBNORG0000057989,Ectoedemia quinquella,mature,5
NBNORG0000057990,Ectoedemia rubivora,mature,5
NBNORG0000057991,Ectoedemia spinosella,mature,5
NBNORG0000057992,Ectoedemia subbimaculella,mature,5
NBNORG0000057993,Ectoedemia turbidella,mature,5
NBNORG0000059591,Ectropis,mature,6
NBNORG0000009400,Egira conspicillaris,mature,1
NBNORG0000057995,Eidophasia messingiella,mature,1
NBNORG0000057996,Eilema caniola,mature,2
NBNORG0000009308,Eilema complana,mature,2
NBNORG0000041865,Eilema depressa,mature,2
NBNORG0000057998,Eilema griseola,mature,2
NBNORG0000009309,Eilema lurideola,mature,2
NBNORG0000009307,Eilema pygmaeola,mature,2
NBNORG0000008863,Eilema pygmaeola pallifrons,mature,2
NBNORG0000008862,Eilema pygmaeola pygmaeola,mature,2
NBNORG0000009306,Eilema sororcula,mature,1
NBNORG0000057999,Elachista adscitella,mature,2
NBNORG0000057569,Elachista albidella,mature,4
NBNORG0000058000,Elachista albifrontella,mature,2
NBNORG0000058001,Elachista alpinella,mature,4
NBNORG0000058002,Elachista apicipunctella,mature,2
NBNORG0000058003,Elachista argentella,mature,1
NBNORG0000058004,Elachista atricomella,mature,2
NBNORG0000058005,Elachista bedellella,mature,4
NBNORG0000058006,Elachista biatomella,mature,2
NBNORG0000058007,Elachista bisulcella,mature,2
NBNORG0000058008,Elachista canapennella,mature,4
NBNORG0000057570,Elachista cinereopunctella,mature,4
NBNORG0000058009,Elachista cingillella,mature,4
NBNORG0000058010,Elachista collitella,mature,3
NBNORG0000057848,Elachista consortella,mature,4
NBNORG0000057571,Elachista eleochariella,mature,4
NBNORG0000041869,Elachista eskoi,mature,4
NBNORG0000057849,Elachista freyerella,mature,4
NBNORG0000058011,Elachista gangabella,mature,2
NBNORG0000117191,Elachista geminatella,mature,4
NBNORG0000058012,Elachista gleichenella,mature,2
NBNORG0000058013,Elachista humilis,mature,4
NBNORG0000058014,Elachista kilmunella,mature,4
NBNORG0000058015,Elachista littoricola,mature,3
NBNORG0000058016,Elachista luticomella,mature,2
NBNORG0000041870,Elachista maculicerusella,mature,2
NBNORG0000086940,Elachista nobilella,mature,3
NBNORG0000058017,Elachista obliquella,mature,2
NBNORG0000058018,Elachista orstadii,mature,4
NBNORG0000058019,Elachista poae,mature,4
NBNORG0000058020,Elachista pomerana,mature,4
NBNORG0000058021,Elachista regificella,mature,2
NBNORG0000058022,Elachista rufocinerea,mature,2
NBNORG0000057572,Elachista scirpi,mature,4
NBNORG0000057573,Elachista serricornis,mature,4
NBNORG0000057850,Elachista stabilella,mature,2
NBNORG0000058023,Elachista subalbidella,mature,2
NBNORG0000058024,Elachista subnigrella,mature,4
NBNORG0000058025,Elachista subocellea,mature,2
NBNORG0000117192,Elachista tengstromi,mature,4
NBNORG0000057574,Elachista trapeziella,mature,2
NBNORG0000058026,Elachista triatomea,mature,2
NBNORG0000058027,Elachista triseriatella,mature,4
NBNORG0000058028,Elachista unifasciella,mature,2
NBNORG0000057575,Elachista utonella,mature,4
NBNORG0000058029,Elaphria venustula,mature,2
NBNORG0000009140,Electrophaes corylata,mature,1
NBNORG0000086941,Elegia fallax,mature,3
NBNORG0000041874,Elegia similella,mature,2
NBNORG0000058033,Elophila nymphaeata,mature,1
NBNORG0000132273,Elophila rivulalis,mature,5
NBNORG0000009248,Ematurga atomaria,mature,2
NBNORG0000102984,Emmelina argoteles,mature,4
NBNORG0000058035,Emmelina monodactyla,mature,1
NBNORG0000009478,Enargia paleacea,mature,1
NBNORG0000058036,Enarmonia formosana,mature,1
NBNORG0000058037,Endothenia ericetana,mature,2
NBNORG0000058038,Endothenia gentianaeana,mature,4
NBNORG0000058039,Endothenia marginana,mature,2
NBNORG0000058040,Endothenia nigricostana,mature,2
NBNORG0000058041,Endothenia oblongana,mature,4
NBNORG0000058042,Endothenia pullana,mature,4
NBNORG0000058043,Endothenia quadrimaculana,mature,1
NBNORG0000058044,Endothenia ustulana,mature,4
NBNORG0000058046,Endotricha flammealis,mature,1
NBNORG0000009049,Endromis versicolora,mature,1
NBNORG0000058047,Endrosis sarcitrella,mature,1
NBNORG0000009225,Ennomos alniaria,mature,1
NBNORG0000058049,Ennomos autumnaria,mature,1
NBNORG0000058050,Ennomos erosaria,mature,2
NBNORG0000009226,Ennomos fuscantaria,mature,1
NBNORG0000009224,Ennomos quercinaria,mature,2
NBNORG0000058052,Entephria caesiata,mature,1
NBNORG0000117280,Entephria caesiata hethlandicaria,mature,1
NBNORG0000059760,Entephria flavicinctata,mature,2
NBNORG0000058053,Entephria flavicinctata flavicinctata,mature,2
NBNORG0000058054,Entephria flavicinctata ruficinctata,mature,2
NBNORG0000041899,Enteucha acetosae,mature,5
NBNORG0000058055,Epagoge grotiana,mature,1
NBNORG0000058056,Epermenia aequidentellus,mature,2
NBNORG0000058057,Epermenia chaerophyllella,mature,1
NBNORG0000041901,Epermenia falciformis,mature,1
NBNORG0000041902,Epermenia farreni,mature,3
NBNORG0000058058,Epermenia insecurella,mature,3
NBNORG0000041903,Epermenia profugella,mature,3
NBNORG0000058062,Ephestia elutella,mature,4
NBNORG0000058064,Ephestia kuehniella,mature,3
NBNORG0000117253,Ephestia woodiella,mature,4
NBNORG0000058066,Epiblema cirsiana,mature,2
NBNORG0000058067,Epiblema cnicicolana,mature,3
NBNORG0000058068,Epiblema costipunctana,mature,2
NBNORG0000058070,Epiblema foenella,mature,1
NBNORG0000058071,Epiblema grandaevana,mature,3
NBNORG0000058075,Epiblema scutulana,mature,2
NBNORG0000041905,Epiblema sticticana,mature,2
NBNORG0000058078,Epiblema turbidana,mature,3
NBNORG0000058080,Epicallima formosella,mature,3
NBNORG0000058082,Epichnopterix plumella,mature,3
NBNORG0000058083,Epichoristodes acerbella,mature,5
NBNORG0000058084,Epinotia abbreviana,mature,2
NBNORG0000058085,Epinotia bilunana,mature,1
NBNORG0000058086,Epinotia brunnichana,mature,4
NBNORG0000058087,Epinotia caprana,mature,2
NBNORG0000117236,Epinotia cinereana,mature,4
NBNORG0000058088,Epinotia crenana,mature,3
NBNORG0000058089,Epinotia cruciana,mature,2
NBNORG0000058090,Epinotia demarniana,mature,2
NBNORG0000058091,Epinotia fraternana,mature,2
NBNORG0000117235,Epinotia granitana,mature,3
NBNORG0000058092,Epinotia immundana,mature,2
NBNORG0000058093,Epinotia maculana,mature,2
NBNORG0000058094,Epinotia mercuriana,mature,1
NBNORG0000058095,Epinotia nanana,mature,4
NBNORG0000058096,Epinotia nemorivaga,mature,2
NBNORG0000058097,Epinotia nigricana,mature,4
NBNORG0000058098,Epinotia nisella,mature,1
NBNORG0000058100,Epinotia pygmaeana,mature,2
NBNORG0000058101,Epinotia ramella,mature,1
NBNORG0000058102,Epinotia rubiginosana,mature,2
NBNORG0000058103,Epinotia signatana,mature,2
NBNORG0000058104,Epinotia solandriana,mature,2
NBNORG0000058105,Epinotia sordidana,mature,4
NBNORG0000058106,Epinotia subocellana,mature,2
NBNORG0000058107,Epinotia subsequana,mature,2
NBNORG0000058108,Epinotia tedella,mature,2
NBNORG0000058109,Epinotia tenerana,mature,1
NBNORG0000058110,Epinotia tetraquetrana,mature,2
NBNORG0000058111,Epinotia trigonella,mature,2
NBNORG0000009221,Epione repandaria,mature,1
NBNORG0000041917,Epione vespertaria,mature,2
NBNORG0000058112,Epiphyas postvittana,mature,1
NBNORG0000059773,Epirrhoe alternata,mature,1
NBNORG0000058113,Epirrhoe alternata alternata,mature,1
NBNORG0000008836,Epirrhoe alternata obscurata,mature,1
NBNORG0000058114,Epirrhoe galiata,mature,1
NBNORG0000058115,Epirrhoe rivata,mature,2
NBNORG0000009118,Epirrhoe tristata,mature,2
NBNORG0000105668,Epirrita,mature,6
NBNORG0000009153,Epirrita autumnata,mature,3
NBNORG0000009152,Epirrita christyi,mature,4
NBNORG0000058116,Epirrita dilutata,mature,4
NBNORG0000086951,Epirrita dilutata agg.,mature,6
NBNORG0000058117,Epirrita filigrammaria,mature,3
NBNORG0000018504,Epischnia asteris,mature,1
NBNORG0000009238,Erannis defoliaria,mature,1
NBNORG0000058123,Eremobia ochroleuca,mature,1
NBNORG0000041928,Eriocrania cicatricella,mature,4
NBNORG0000058125,Eriocrania salopiella,mature,2
NBNORG0000058126,Eriocrania sangii,mature,4
NBNORG0000058127,Eriocrania semipurpurella,mature,4
NBNORG0000058128,Eriocrania sparrmannella,mature,2
NBNORG0000058130,Eriocrania unimaculella,mature,2
NBNORG0000009039,Eriogaster lanestris,mature,1
NBNORG0000058132,Eriopsela quadrana,mature,2
NBNORG0000009396,Eriopygodes imbecilla,mature,1
NBNORG0000058134,Esperia sulphurella,mature,1
NBNORG0000041858,Etainia decentella,mature,2
NBNORG0000041859,Etainia louisella,mature,4
NBNORG0000041861,Etainia sericopeza,mature,4
NBNORG0000018486,Ethmia bipunctella,mature,1
NBNORG0000018485,Ethmia dodecea,mature,1
NBNORG0000018487,Ethmia pusiella,mature,3
NBNORG0000058135,Ethmia pyrausta,mature,3
NBNORG0000041938,Ethmia quadrillella,mature,1
NBNORG0000018484,Ethmia terminella,mature,2
NBNORG0000058136,Etiella zinckenella,mature,3
NBNORG0000009540,Eublemma minutata,mature,3
NBNORG0000058137,Eublemma ostrina,mature,1
NBNORG0000058138,Eublemma parva,mature,2
NBNORG0000086952,Eublemma purpurina,mature,1
NBNORG0000104237,Eucarta virgo,mature,2
NBNORG0000058140,Euchalcia variabilis,mature,5
NBNORG0000009203,Euchoeca nebulata,mature,1
NBNORG0000058142,Euchromius ocellea,mature,1
NBNORG0000117609,Euchromius ramburiellus,mature,5
NBNORG0000058143,Euclemensia woodiella,mature,3
NBNORG0000006856,Euclidia glyphica,mature,6
NBNORG0000058144,Eucosma aemulana,mature,4
NBNORG0000058145,Eucosma aspidiscana,mature,2
NBNORG0000058146,Eucosma campoliliana,mature,1
NBNORG0000058147,Eucosma cana,mature,2
NBNORG0000058149,Eucosma conterminana,mature,2
NBNORG0000058150,Eucosma fulvana,mature,2
NBNORG0000122825,Eucosma hohenwartiana,mature,2
NBNORG0000041942,Eucosma lacteana,mature,3
NBNORG0000058151,Eucosma metzneriana,mature,3
NBNORG0000058152,Eucosma obumbratana,mature,2
NBNORG0000086942,Eucosma parvulana,mature,4
NBNORG0000058154,Eucosma pupillana,mature,3
NBNORG0000058148,Eucosma rubescana,mature,4
NBNORG0000058155,Eucosma tripoliana,mature,2
NBNORG0000058156,Eucosmomorpha albersana,mature,1
NBNORG0000058157,Eudarcia richardsoni,mature,3
NBNORG0000058158,Eudemis porphyrana,mature,3
NBNORG0000058159,Eudemis profundana,mature,2
NBNORG0000058160,Eudonia alpina,mature,2
NBNORG0000058161,Eudonia angustea,mature,1
NBNORG0000058162,Eudonia delunella,mature,2
NBNORG0000026827,Eudonia lacustrata,mature,2
NBNORG0000058163,Eudonia lineola,mature,2
NBNORG0000058164,Eudonia mercurella,mature,2
NBNORG0000058165,Eudonia murana,mature,2
NBNORG0000058166,Eudonia pallida,mature,1
NBNORG0000058167,Eudonia truncicolella,mature,2
NBNORG0000009347,Eugnorisma depuncta,mature,1
NBNORG0000058169,Eugnorisma glareosa,mature,1
NBNORG0000041945,Euhyponomeuta stannella,mature,3
NBNORG0000058175,Eulia ministrana,mature,1
NBNORG0000009131,Eulithis mellinata,mature,2
NBNORG0000009130,Eulithis populata,mature,2
NBNORG0000009128,Eulithis prunata,mature,1
NBNORG0000009129,Eulithis testata,mature,1
NBNORG0000009150,Euphyia biangulata,mature,2
NBNORG0000009151,Euphyia unangulata,mature,2
NBNORG0000059824,Eupithecia,mature,6
NBNORG0000009188,Eupithecia abbreviata,mature,2
NBNORG0000009167,Eupithecia abietaria,mature,2
NBNORG0000009177,Eupithecia absinthiata,mature,2
NBNORG0000009178,Eupithecia assimilata,mature,2
NBNORG0000058180,Eupithecia centaureata,mature,1
NBNORG0000059825,Eupithecia denotata,mature,3
NBNORG0000058181,Eupithecia denotata denotata,mature,3
NBNORG0000059826,Eupithecia distinctaria,mature,2
NBNORG0000058184,Eupithecia dodoneata,mature,2
NBNORG0000058185,Eupithecia egenaria,mature,2
NBNORG0000059827,Eupithecia exiguata,mature,2
NBNORG0000009179,Eupithecia expallidata,mature,3
NBNORG0000059828,Eupithecia extensaria,mature,2
NBNORG0000058187,Eupithecia extensaria extensaria,mature,2
NBNORG0000009185,Eupithecia extensaria occidua,mature,2
NBNORG0000058188,Eupithecia haworthiata,mature,2
NBNORG0000009182,Eupithecia icterata,mature,2
NBNORG0000058190,Eupithecia indigata,mature,2
NBNORG0000009186,Eupithecia innotata,mature,2
NBNORG0000058193,Eupithecia insigniata,mature,1
NBNORG0000009171,Eupithecia intricata,mature,2
NBNORG0000009174,Eupithecia intricata hibernica,mature,2
NBNORG0000058194,Eupithecia intricata intricata,mature,2
NBNORG0000058195,Eupithecia inturbata,mature,2
NBNORG0000058196,Eupithecia irriguata,mature,2
NBNORG0000009190,Eupithecia lariciata,mature,2
NBNORG0000058197,Eupithecia linariata,mature,2
NBNORG0000086953,Eupithecia massiliata,mature,5
NBNORG0000058198,Eupithecia millefoliata,mature,3
NBNORG0000058199,Eupithecia nanata,mature,2
NBNORG0000009189,Eupithecia phoeniceata,mature,1
NBNORG0000058200,Eupithecia pimpinellata,mature,2
NBNORG0000009166,Eupithecia plumbeolata,mature,2
NBNORG0000062449,Eupithecia pulchellata,mature,2
NBNORG0000059829,Eupithecia pusillata,mature,2
NBNORG0000058204,Eupithecia pygmaeata,mature,2
NBNORG0000009175,Eupithecia satyrata,mature,2
NBNORG0000058206,Eupithecia satyrata curzoni,mature,2
NBNORG0000058207,Eupithecia satyrata satyrata,mature,2
NBNORG0000009184,Eupithecia simpliciata,mature,2
NBNORG0000008849,Eupithecia sinuosaria,mature,2
NBNORG0000009181,Eupithecia subfuscata,mature,2
NBNORG0000058208,Eupithecia subumbrata,mature,2
NBNORG0000009183,Eupithecia succenturiata,mature,2
NBNORG0000009191,Eupithecia tantillaria,mature,2
NBNORG0000058209,Eupithecia tenuiata,mature,2
NBNORG0000058210,Eupithecia tripunctaria,mature,2
NBNORG0000058211,Eupithecia trisignaria,mature,3
NBNORG0000023171,Eupithecia ultimaria,mature,2
NBNORG0000058212,Eupithecia valerianata,mature,2
NBNORG0000009169,Eupithecia venosata,mature,1
NBNORG0000058213,Eupithecia venosata fumosae,mature,1
NBNORG0000058214,Eupithecia venosata hebridensis,mature,1
NBNORG0000058215,Eupithecia venosata ochracae,mature,1
NBNORG0000058216,Eupithecia venosata plumbea,mature,1
NBNORG0000008844,Eupithecia venosata venosata,mature,1
NBNORG0000009187,Eupithecia virgaureata,mature,3
NBNORG0000009180,Eupithecia vulgata,mature,2
NBNORG0000009325,Euplagia quadripunctaria,mature,1
NBNORG0000009473,Euplexia lucipara,mature,1
NBNORG0000058219,Eupoecilia ambiguella,mature,2
NBNORG0000059834,Eupoecilia angustana,mature,1
NBNORG0000058220,Eupoecilia angustana angustana,mature,1
NBNORG0000041990,Eupoecilia angustana thuleana,mature,1
NBNORG0000009295,Euproctis chrysorrhoea,mature,1
NBNORG0000009296,Euproctis similis,mature,1
NBNORG0000009441,Eupsilia transversa,mature,1
NBNORG0000018505,Eurhodope cirrigerella,mature,3
NBNORG0000009369,Eurois occulta,mature,1
NBNORG0000041939,Euspilapteryx auroguttella,mature,1
NBNORG0000058223,Eustroma reticulata,mature,1
NBNORG0000009046,Euthrix potatoria,mature,1
NBNORG0000059842,Euxoa,mature,6
NBNORG0000009334,Euxoa cursoria,mature,2
NBNORG0000058225,Euxoa nigricans,mature,2
NBNORG0000059843,Euxoa obelisca,mature,2
NBNORG0000009332,Euxoa obelisca grisea,mature,2
NBNORG0000058226,Euxoa obelisca obelisca,mature,2
NBNORG0000009333,Euxoa tritici,mature,2
NBNORG0000096169,Euxoa tritici/obelisca,mature,6
NBNORG0000058227,Euzophera bigella,mature,3
NBNORG0000058228,Euzophera cinerosella,mature,2
NBNORG0000058230,Euzophera pinguis,mature,1
NBNORG0000058232,Evergestis extimalis,mature,1
NBNORG0000058233,Evergestis forficalis,mature,1
NBNORG0000058234,Evergestis limbata,mature,1
NBNORG0000058235,Evergestis pallidata,mature,1
NBNORG0000058236,Exaeretia allisella,mature,3
NBNORG0000058237,Exaeretia ciniflonella,mature,3
NBNORG0000058238,Exapate congelatella,mature,1
NBNORG0000058239,Exoteleia dodecella,mature,2
NBNORG0000009509,Fabula zollikoferi,mature,1
NBNORG0000009246,Fagivorina arenaria,mature,2
NBNORG0000009050,Falcaria lacertinaria,mature,1
NBNORG0000058240,Falseuncaria degreyana,mature,3
NBNORG0000058241,Falseuncaria ruficiliana,mature,2
NBNORG0000041860,Fomoria septembrella,mature,5
NBNORG0000041862,Fomoria weaveri,mature,5
NBNORG0000059407,Friedlanderia cicatricella,mature,3
NBNORG0000009276,Furcula bicuspis,mature,2
NBNORG0000009278,Furcula bifida,mature,2
NBNORG0000009277,Furcula furcula,mature,2
NBNORG0000009165,Gagitodes sagittata,mature,1
NBNORG0000117341,Galgula partita,mature,5
NBNORG0000058242,Galleria mellonella,mature,1
NBNORG0000058176,Gandaritis pyraliata,mature,1
NBNORG0000009048,Gastropacha quercifolia,mature,1
NBNORG0000058244,Gelechia cuneatella,mature,4
NBNORG0000058245,Gelechia hippophaella,mature,3
NBNORG0000058246,Gelechia muscosella,mature,4
NBNORG0000058247,Gelechia nigra,mature,3
NBNORG0000058248,Gelechia rhombella,mature,2
NBNORG0000042048,Gelechia sabinellus,mature,3
NBNORG0000058249,Gelechia scotinella,mature,4
NBNORG0000058250,Gelechia senticetella,mature,2
NBNORG0000058251,Gelechia sororculella,mature,2
NBNORG0000058252,Gelechia turpella,mature,3
NBNORG0000009065,Geometra papilionaria,mature,1
NBNORG0000058257,Gibberifera simplana,mature,3
NBNORG0000058823,Gillmeria ochrodactyla,mature,2
NBNORG0000058824,Gillmeria pallidactyla,mature,2
NBNORG0000043540,Glaucolepis headleyella,mature,5
NBNORG0000009524,Globia algae,mature,2
NBNORG0000009523,Globia sparganii,mature,1
NBNORG0000009287,Gluphisia crenata,mature,2
NBNORG0000117310,Gluphisia crenata crenata,mature,2
NBNORG0000042063,Gluphisia crenata vertunea,mature,2
NBNORG0000058261,Glyphipterix equitella,mature,3
NBNORG0000058262,Glyphipterix forsterella,mature,2
NBNORG0000058263,Glyphipterix fuscoviridella,mature,1
NBNORG0000058264,Glyphipterix haworthana,mature,2
NBNORG0000058265,Glyphipterix schoenicolella,mature,2
NBNORG0000058266,Glyphipterix simpliciella,mature,2
NBNORG0000058267,Glyphipterix thrasonella,mature,2
NBNORG0000058268,Gnophos obfuscata,mature,1
NBNORG0000058269,Gnorimoschema streliciella,mature,3
NBNORG0000059868,Gortyna borelii,mature,1
NBNORG0000058271,Gortyna borelii borelii,mature,1
NBNORG0000009517,Gortyna borelii lunata,mature,1
NBNORG0000058272,Gortyna flavago,mature,1
NBNORG0000057636,Gracillaria syringella,mature,1
NBNORG0000043025,Grammodes stolida,mature,1
NBNORG0000009353,Graphiphora augur,mature,1
NBNORG0000058275,Grapholita caecana,mature,3
NBNORG0000042067,Grapholita compositella,mature,1
NBNORG0000042068,Grapholita funebrana,mature,4
NBNORG0000042069,Grapholita gemmiferana,mature,3
NBNORG0000042070,Grapholita internana,mature,2
NBNORG0000042071,Grapholita janthinana,mature,2
NBNORG0000042072,Grapholita jungiella,mature,1
NBNORG0000042073,Grapholita lathyrana,mature,3
NBNORG0000042074,Grapholita lobarzewskii,mature,2
NBNORG0000058276,Grapholita lunulana,mature,2
NBNORG0000042076,Grapholita orobana,mature,3
NBNORG0000042077,Grapholita pallifrontana,mature,3
NBNORG0000042078,Grapholita tenebrosana,mature,4
NBNORG0000117165,Gravitarmata margarotana,mature,3
NBNORG0000009436,Griposia aprilina,mature,1
NBNORG0000058277,Gymnancyla canella,mature,1
NBNORG0000009193,Gymnoscelis rufifasciata,mature,1
NBNORG0000042090,Gynnidomorpha alismana,mature,4
NBNORG0000042091,Gynnidomorpha luridana,mature,3
NBNORG0000042092,Gynnidomorpha minimana,mature,3
NBNORG0000058278,Gynnidomorpha permixtana,mature,3
NBNORG0000042093,Gynnidomorpha vectisana,mature,4
NBNORG0000058279,Gypsonoma aceriana,mature,2
NBNORG0000058280,Gypsonoma dealbana,mature,1
NBNORG0000058281,Gypsonoma minutana,mature,2
NBNORG0000058282,Gypsonoma nitidulana,mature,3
NBNORG0000058283,Gypsonoma oppressana,mature,2
NBNORG0000058284,Gypsonoma sociana,mature,2
NBNORG0000009056,Habrosyne pyritoides,mature,1
NBNORG0000058285,Hada plebeja,mature,1
NBNORG0000009393,Hadena albimacula,mature,1
NBNORG0000009394,Hadena bicruris,mature,2
NBNORG0000059882,Hadena caesia,mature,1
NBNORG0000058286,Hadena caesia caesia,mature,1
NBNORG0000009395,Hadena caesia mananii,mature,1
NBNORG0000058287,Hadena compta,mature,2
NBNORG0000009392,Hadena confusa,mature,2
NBNORG0000009390,Hadena irregularis,mature,2
NBNORG0000059884,Hadena perplexa,mature,2
NBNORG0000009389,Hadena perplexa capsophila,mature,2
NBNORG0000058289,Hadena perplexa perplexa,mature,2
NBNORG0000058292,Haplotinea ditella,mature,4
NBNORG0000058293,Haplotinea insectella,mature,4
NBNORG0000117159,Harpella forficella,mature,3
NBNORG0000009280,Harpyia milhauseri,mature,2
NBNORG0000009386,Hecatera bicolorata,mature,1
NBNORG0000058294,Hecatera dysodea,mature,2
NBNORG0000058481,Hedya atropunctana,mature,2
NBNORG0000058295,Hedya nubiferana,mature,2
NBNORG0000058296,Hedya ochroleucana,mature,2
NBNORG0000058297,Hedya pruniana,mature,2
NBNORG0000058298,Hedya salicella,mature,1
NBNORG0000042123,Helcystogramma lutatella,mature,4
NBNORG0000042124,Helcystogramma rufescens,mature,2
NBNORG0000116220,Helcystogramma triannulella,mature,3
NBNORG0000058300,Helicoverpa armigera,mature,1
NBNORG0000058301,Heliodines roesella,mature,3
NBNORG0000009539,Heliothis maritima,mature,2
NBNORG0000058304,Heliothis maritima bulgarica,mature,2
NBNORG0000058305,Heliothis maritima maritima,mature,2
NBNORG0000008886,Heliothis maritima warneckei,mature,2
NBNORG0000058306,Heliothis nubigera,mature,2
NBNORG0000058307,Heliothis peltigera,mature,1
NBNORG0000009538,Heliothis viriplaca,mature,2
NBNORG0000042131,Heliozela hammoniella,mature,4
NBNORG0000042132,Heliozela resplendella,mature,4
NBNORG0000042133,Heliozela sericiella,mature,4
NBNORG0000041952,Hellinsia carphodactyla,mature,2
NBNORG0000042135,Hellinsia chrysocomae,mature,3
NBNORG0000042709,Hellinsia lienigianus,mature,2
NBNORG0000042136,Hellinsia osteodactylus,mature,2
NBNORG0000041953,Hellinsia tephradactyla,mature,2
NBNORG0000058308,Hellula undalis,mature,3
NBNORG0000059585,Helotropha leucostigma,mature,1
NBNORG0000057676,Helotropha leucostigma leucostigma,mature,1
NBNORG0000057677,Helotropha leucostigma scotica,mature,1
NBNORG0000009267,Hemaris fuciformis,mature,2
NBNORG0000009266,Hemaris tityus,mature,2
NBNORG0000009069,Hemistola chrysoprasaria,mature,1
NBNORG0000058309,Hemithea aestivaria,mature,1
NBNORG0000058311,Herminia grisealis,mature,2
NBNORG0000009584,Herminia tarsicrinalis,mature,2
NBNORG0000043613,Herminia tarsipennalis,mature,2
NBNORG0000006867,Herpetogramma licarsisalis,mature,6
NBNORG0000058319,Heterogenea asella,mature,1
NBNORG0000009273,Hippotion celerio,mature,1
NBNORG0000117260,Hodebertia testalis,mature,3
NBNORG0000058326,Hofmannophila pseudospretella,mature,1
NBNORG0000058327,Homoeosoma nebulella,mature,2
NBNORG0000058328,Homoeosoma nimbella,mature,4
NBNORG0000058329,Homoeosoma sinuella,mature,2
NBNORG0000059909,Hoplodrina,mature,6
NBNORG0000058331,Hoplodrina ambigua,mature,2
NBNORG0000058332,Hoplodrina blanda,mature,2
NBNORG0000009528,Hoplodrina octogenaria,mature,2
NBNORG0000099280,Hoplodrina octogenaria/blanda,mature,6
NBNORG0000009529,Hoplodrina superstes,mature,4
NBNORG0000132275,Horisme radicaria,mature,5
NBNORG0000058334,Horisme tersata,mature,1
NBNORG0000058335,Horisme vitalbata,mature,1
NBNORG0000009514,Hydraecia micacea,mature,1
NBNORG0000059912,Hydraecia osseola,mature,1
NBNORG0000009516,Hydraecia osseola hucherardi,mature,1
NBNORG0000058336,Hydraecia osseola osseola,mature,1
NBNORG0000009515,Hydraecia petasitis,mature,2
NBNORG0000009205,Hydrelia flammeolaria,mature,1
NBNORG0000058337,Hydrelia sylvata,mature,2
NBNORG0000009143,Hydriomena furcata,mature,1
NBNORG0000058338,Hydriomena impluviata,mature,1
NBNORG0000009144,Hydriomena ruberata,mature,2
NBNORG0000009255,Hylaea fasciaria,mature,1
NBNORG0000009270,Hyles euphorbiae,mature,2
NBNORG0000006848,Hyles gallii,mature,6
NBNORG0000042199,Hyles livornica,mature,1
NBNORG0000058343,Hypatima rhomboidella,mature,1
NBNORG0000117200,Hypatopa binotella,mature,3
NBNORG0000009577,Hypena crassalis,mature,1
NBNORG0000117439,Hypena lividalis,mature,5
NBNORG0000058344,Hypena obesalis,mature,2
NBNORG0000058345,Hypena obsitalis,mature,2
NBNORG0000009578,Hypena proboscidalis,mature,1
NBNORG0000009579,Hypena rostralis,mature,1
NBNORG0000006857,Hypenodes humidalis,mature,6
NBNORG0000058347,Hypercallia citrinalis,mature,3
NBNORG0000117441,Hyphantria cunea,mature,5
NBNORG0000097760,Hyphoraia testudinaria,mature,1
NBNORG0000058349,Hypochalcia ahenella,mature,2
NBNORG0000006850,Hypomecis punctinalis,mature,6
NBNORG0000058350,Hypomecis roboraria,mature,2
NBNORG0000009483,Hyppa rectilinea,mature,1
NBNORG0000058351,Hypsopygia costalis,mature,1
NBNORG0000058638,Hypsopygia glaucinalis,mature,1
NBNORG0000058352,Hysterophora maculosana,mature,2
NBNORG0000009098,Idaea aversata,mature,1
NBNORG0000009089,Idaea biselata,mature,2
NBNORG0000059928,Idaea contiguaria,mature,2
NBNORG0000058353,Idaea contiguaria britanniae,mature,2
NBNORG0000058354,Idaea contiguaria contiguaria,mature,2
NBNORG0000058355,Idaea degeneraria,mature,2
NBNORG0000058356,Idaea dilutaria,mature,3
NBNORG0000009094,Idaea dimidiata,mature,2
NBNORG0000009097,Idaea emarginata,mature,1
NBNORG0000009091,Idaea fuscovenosa,mature,2
NBNORG0000009092,Idaea humiliata,mature,3
NBNORG0000009087,Idaea muricata,mature,2
NBNORG0000059929,Idaea ochrata,mature,2
NBNORG0000059930,Idaea rusticata,mature,1
NBNORG0000009093,Idaea seriata,mature,2
NBNORG0000009086,Idaea serpentata,mature,2
NBNORG0000009099,Idaea straminata,mature,2
NBNORG0000009095,Idaea subsericeata,mature,2
NBNORG0000058359,Idaea sylvestraria,mature,2
NBNORG0000009096,Idaea trigeminata,mature,2
NBNORG0000058362,Incurvaria masculella,mature,2
NBNORG0000042219,Incurvaria oehlmanniella,mature,2
NBNORG0000058363,Incurvaria pectinea,mature,2
NBNORG0000058364,Incurvaria praelatella,mature,2
NBNORG0000058367,Infurcitinea albicomella,mature,4
NBNORG0000058368,Infurcitinea argentimaculella,mature,2
NBNORG0000108489,Infurcitinea captans,mature,4
NBNORG0000122535,Infurcitinea teriolella,mature,4
NBNORG0000058370,Ipimorpha retusa,mature,2
NBNORG0000058371,Ipimorpha subtusa,mature,2
NBNORG0000058372,Ischnoscia borreonella,mature,3
NBNORG0000058373,Isophrictis striatella,mature,2
NBNORG0000058374,Isotrias rectifasciana,mature,2
NBNORG0000009215,Isturgia limbaria,mature,1
NBNORG0000058375,Jodia croceago,mature,2
NBNORG0000009070,Jodis lactearia,mature,2
NBNORG0000058376,Jordanita globulariae,mature,3
NBNORG0000058379,Kessleria fasciapennella,mature,3
NBNORG0000058380,Kessleria saxifragae,mature,3
NBNORG0000101486,Korscheltellus fusconebulosa,mature,2
NBNORG0000009011,Korscheltellus lupulina,mature,1
NBNORG0000058381,Lacanobia blenna,mature,3
NBNORG0000058382,Lacanobia contigua,mature,2
NBNORG0000009384,Lacanobia oleracea,mature,1
NBNORG0000086954,Lacanobia splendens,mature,2
NBNORG0000058383,Lacanobia suasa,mature,2
NBNORG0000009383,Lacanobia thalassina,mature,2
NBNORG0000009382,Lacanobia w-latinum,mature,2
NBNORG0000058385,Laelia coenosa,mature,2
NBNORG0000132271,Lamoria anella,mature,5
NBNORG0000057384,Lamoria zelleri,mature,2
NBNORG0000058387,Lampronia capitella,mature,3
NBNORG0000042254,Lampronia corticella,mature,1
NBNORG0000058388,Lampronia flavimitrella,mature,3
NBNORG0000058389,Lampronia fuscatella,mature,2
NBNORG0000058390,Lampronia luzella,mature,2
NBNORG0000058391,Lampronia morosa,mature,2
NBNORG0000058392,Lampronia pubicornis,mature,3
NBNORG0000009125,Lampropteryx otregiata,mature,2
NBNORG0000058394,Lampropteryx suffumata,mature,1
NBNORG0000009265,Laothoe populi,mature,1
NBNORG0000009122,Larentia clavaria,mature,1
NBNORG0000009042,Lasiocampa quercus,mature,1
NBNORG0000070502,Lasiocampa quercus callunae,mature,2
NBNORG0000009043,Lasiocampa quercus quercus,mature,1
NBNORG0000058396,Lasiocampa trifolii,mature,1
NBNORG0000117269,Lasiocampa trifolii flava,mature,2
NBNORG0000117268,Lasiocampa trifolii trifolii,mature,1
NBNORG0000058400,Laspeyria flexula,mature,1
NBNORG0000009494,Lateroligia ophiogramma,mature,1
NBNORG0000058401,Lathronympha strigana,mature,1
NBNORG0000009521,Lenisa geminipuncta,mature,2
NBNORG0000009444,Leptologia lota,mature,1
NBNORG0000057410,Leptologia macilenta,mature,1
NBNORG0000009413,Leucania comma,mature,1
NBNORG0000009414,Leucania loreyi,mature,2
NBNORG0000058540,Leucania obsoleta,mature,2
NBNORG0000058542,Leucania putrescens,mature,1
NBNORG0000058405,Leucochlaena oditis,mature,2
NBNORG0000058406,Leucodonta bicoloria,mature,1
NBNORG0000009297,Leucoma salicis,mature,1
NBNORG0000058407,Leucoptera laburnella,mature,2
NBNORG0000058408,Leucoptera lathyrifoliella,mature,4
NBNORG0000058409,Leucoptera lotella,mature,2
NBNORG0000042303,Leucoptera malifoliella,mature,2
NBNORG0000042302,Leucoptera orobi,mature,4
NBNORG0000042304,Leucoptera sinuella,mature,3
NBNORG0000058410,Leucoptera spartifoliella,mature,2
NBNORG0000058411,Leucospilapteryx omissella,mature,2
NBNORG0000006846,Levipalpus hepatariella,mature,6
NBNORG0000058412,Ligdia adustata,mature,1
NBNORG0000058414,Limnaecia phragmitella,mature,1
NBNORG0000086955,Lithophane consocia,mature,2
NBNORG0000009430,Lithophane furcifera,mature,2
NBNORG0000008880,Lithophane furcifera furcifera,mature,2
NBNORG0000008879,Lithophane furcifera suffusa,mature,2
NBNORG0000009431,Lithophane lamda,mature,2
NBNORG0000059976,Lithophane leautieri,mature,1
NBNORG0000009432,Lithophane leautieri hesperica,mature,1
NBNORG0000058419,Lithophane leautieri leautieri,mature,1
NBNORG0000059977,Lithophane ornitopus,mature,1
NBNORG0000009429,Lithophane ornitopus lactipennis,mature,1
NBNORG0000058420,Lithophane ornitopus ornitopus,mature,1
NBNORG0000009427,Lithophane semibrunnea,mature,2
NBNORG0000009428,Lithophane socia,mature,2
NBNORG0000009310,Lithosia quadra,mature,1
NBNORG0000058422,Lithostege griseata,mature,1
NBNORG0000009498,Litoligia literosa,mature,1
NBNORG0000058423,Lobesia abscisana,mature,2
NBNORG0000058424,Lobesia botrana,mature,3
NBNORG0000058425,Lobesia littoralis,mature,1
NBNORG0000058426,Lobesia occidentis,mature,3
NBNORG0000058427,Lobesia reliquana,mature,1
NBNORG0000009207,Lobophora halterata,mature,2
NBNORG0000009213,Lomaspilis marginata,mature,1
NBNORG0000009252,Lomographa bimaculata,mature,1
NBNORG0000058428,Lomographa temerata,mature,1
NBNORG0000041517,Longalatedes elymi,mature,1
NBNORG0000042358,Loxostege sticticalis,mature,1
NBNORG0000058429,Lozotaenia forsterana,mature,1
NBNORG0000058431,Lozotaeniodes formosana,mature,1
NBNORG0000058432,Luffia lapidella,mature,3
NBNORG0000009508,Luperina dumerilii,mature,2
NBNORG0000059986,Luperina nickerlii,mature,2
NBNORG0000058433,Luperina nickerlii demuthi,mature,2
NBNORG0000009507,Luperina nickerlii gueneei,mature,2
NBNORG0000008883,Luperina nickerlii knilli,mature,2
NBNORG0000009506,Luperina nickerlii leechi,mature,2
NBNORG0000058434,Luperina nickerlii nickerlii,mature,2
NBNORG0000058435,Luperina testacea,mature,1
NBNORG0000058436,Luquetia lobella,mature,2
NBNORG0000009233,Lycia hirtaria,mature,1
NBNORG0000059993,Lycia lapponaria,mature,1
NBNORG0000058446,Lycia lapponaria lapponaria,mature,1
NBNORG0000009234,Lycia lapponaria scotica,mature,1
NBNORG0000059994,Lycia zonaria,mature,1
NBNORG0000008851,Lycia zonaria atlantica,mature,1
NBNORG0000008852,Lycia zonaria britannica,mature,1
NBNORG0000058447,Lycia zonaria zonaria,mature,1
NBNORG0000058448,Lycophotia porphyrea,mature,1
NBNORG0000058449,Lygephila craccae,mature,2
NBNORG0000009571,Lygephila pastinum,mature,1
NBNORG0000009299,Lymantria dispar,mature,1
NBNORG0000009298,Lymantria monacha,mature,1
NBNORG0000058450,Lyonetia clerkella,mature,1
NBNORG0000058451,Lyonetia prunifoliella,mature,3
NBNORG0000009101,Lythria purpuraria,mature,6
NBNORG0000058453,Macaria alternata,mature,2
NBNORG0000042225,Macaria brunneata,mature,1
NBNORG0000042367,Macaria carbonaria,mature,2
NBNORG0000042368,Macaria liturata,mature,1
NBNORG0000042369,Macaria notata,mature,2
NBNORG0000042370,Macaria signaria,mature,2
NBNORG0000042371,Macaria wauaria,mature,1
NBNORG0000009556,Macdunnoughia confusa,mature,1
NBNORG0000058454,Macrochilo cribrumalis,mature,1
NBNORG0000009268,Macroglossum stellatarum,mature,1
NBNORG0000009044,Macrothylacia rubi,mature,1
NBNORG0000009041,Malacosoma castrensis,mature,2
NBNORG0000009040,Malacosoma neustria,mature,1
NBNORG0000009380,Mamestra brassicae,mature,1
NBNORG0000058461,Marasmarcha lunaedactyla,mature,1
NBNORG0000009156,Martania taeniata,mature,2
NBNORG0000058462,Maruca vitrata,mature,3
NBNORG0000058885,Matilella fusca,mature,5
NBNORG0000058463,Mecyna asinalis,mature,1
NBNORG0000060217,Mecyna flavalis,mature,2
NBNORG0000042392,Megalographa biloba,mature,5
NBNORG0000006860,Meganephria bimaculosa,mature,6
NBNORG0000058466,Meganola albula,mature,1
NBNORG0000058467,Meganola strigula,mature,2
NBNORG0000009381,Melanchra persicariae,mature,1
NBNORG0000058469,Melanthia procellata,mature,1
NBNORG0000009239,Menophra abruptaria,mature,1
NBNORG0000042489,Merrifieldia baliodactylus,mature,2
NBNORG0000058474,Merrifieldia leucodactyla,mature,2
NBNORG0000042490,Merrifieldia tridactyla,mature,4
NBNORG0000060226,Mesapamea,mature,6
NBNORG0000009501,Mesapamea didyma,mature,4
NBNORG0000009500,Mesapamea secalis,mature,4
NBNORG0000009499,Mesapamea secalis agg.,mature,6
NBNORG0000058477,Mesogona acetosellae,mature,2
NBNORG0000009123,Mesoleuca albicillata,mature,1
NBNORG0000058478,Mesoligia furuncula,mature,1
NBNORG0000058479,Mesophleps silacella,mature,4
NBNORG0000122552,Mesotype didymata,mature,2
NBNORG0000117286,Mesotype didymata didymata,mature,2
NBNORG0000117292,Mesotype didymata hethlandica,mature,2
NBNORG0000086943,Metalampra italica,mature,3
NBNORG0000058483,Metzneria aestivella,mature,4
NBNORG0000058484,Metzneria aprilella,mature,2
NBNORG0000058485,Metzneria lappella,mature,2
NBNORG0000018488,Metzneria littorella,mature,3
NBNORG0000058486,Metzneria metzneriella,mature,2
NBNORG0000058487,Metzneria neuropterella,mature,3
NBNORG0000122298,Microloxia herbaria,mature,5
NBNORG0000058489,Micropterix aruncella,mature,2
NBNORG0000058490,Micropterix aureatella,mature,1
NBNORG0000058491,Micropterix calthella,mature,2
NBNORG0000058492,Micropterix mansuetella,mature,1
NBNORG0000058493,Micropterix tunbergella,mature,1
NBNORG0000009301,Miltochrista miniata,mature,1
NBNORG0000009263,Mimas tiliae,mature,1
NBNORG0000009206,Minoa murinata,mature,1
NBNORG0000058495,Minucia lunaris,mature,1
NBNORG0000058496,Mirificarma lentiginosella,mature,2
NBNORG0000058497,Mirificarma mulinella,mature,2
NBNORG0000026737,Mniotype adusta,mature,2
NBNORG0000057581,Mniotype satura,mature,2
NBNORG0000041253,Mniotype solieri,mature,3
NBNORG0000009568,Mocis trifasciata,mature,6
NBNORG0000009453,Moma alpium,mature,1
NBNORG0000042547,Mompha bradleyi,mature,4
NBNORG0000058498,Mompha conturbatella,mature,2
NBNORG0000058499,Mompha divisella,mature,4
NBNORG0000058500,Mompha epilobiella,mature,2
NBNORG0000058501,Mompha jurassicella,mature,2
NBNORG0000058502,Mompha lacteella,mature,2
NBNORG0000058503,Mompha langiella,mature,2
NBNORG0000058504,Mompha locupletella,mature,2
NBNORG0000058505,Mompha miscella,mature,2
NBNORG0000058506,Mompha ochraceella,mature,2
NBNORG0000058507,Mompha propinquella,mature,2
NBNORG0000058508,Mompha raschkiella,mature,2
NBNORG0000042548,Mompha sturnipennella,mature,2
NBNORG0000058509,Mompha subbistrigella,mature,2
NBNORG0000058510,Mompha terminella,mature,2
NBNORG0000058511,Monochroa arundinetella,mature,4
NBNORG0000058512,Monochroa conspersella,mature,4
NBNORG0000018489,Monochroa cytisella,mature,2
NBNORG0000058513,Monochroa divisella,mature,4
NBNORG0000058514,Monochroa elongella,mature,4
NBNORG0000058515,Monochroa hornigi,mature,4
NBNORG0000058516,Monochroa lucidella,mature,2
NBNORG0000058517,Monochroa lutulentella,mature,4
NBNORG0000008900,Monochroa moyses,mature,4
NBNORG0000058518,Monochroa niphognatha,mature,4
NBNORG0000058519,Monochroa palustrellus,mature,5
NBNORG0000058520,Monochroa suffusella,mature,3
NBNORG0000058521,Monochroa tenebrella,mature,4
NBNORG0000058522,Monochroa tetragonella,mature,4
NBNORG0000058523,Monopis crocicapitella,mature,2
NBNORG0000058524,Monopis fenestratella,mature,3
NBNORG0000058525,Monopis imella,mature,2
NBNORG0000058526,Monopis laevigella,mature,2
NBNORG0000058527,Monopis monachella,mature,3
NBNORG0000058528,Monopis obviella,mature,2
NBNORG0000058529,Monopis weaverella,mature,2
NBNORG0000009468,Mormo maura,mature,1
NBNORG0000058530,Morophaga choragella,mature,1
NBNORG0000117264,Musotima nitidalis,mature,1
NBNORG0000058532,Myelois circumvoluta,mature,1
NBNORG0000058533,Myrmecozela ochraceella,mature,3
NBNORG0000058535,Mythimna albipuncta,mature,2
NBNORG0000058537,Mythimna conigera,mature,1
NBNORG0000009406,Mythimna ferrago,mature,2
NBNORG0000058538,Mythimna impura,mature,2
NBNORG0000009411,Mythimna l-album,mature,1
NBNORG0000009410,Mythimna litoralis,mature,1
NBNORG0000009408,Mythimna pallens,mature,2
NBNORG0000058541,Mythimna pudorina,mature,1
NBNORG0000009407,Mythimna straminea,mature,2
NBNORG0000009405,Mythimna turca,mature,1
NBNORG0000009412,Mythimna unipuncta,mature,1
NBNORG0000058543,Mythimna vitellina,mature,1
NBNORG0000009368,Naenia typica,mature,2
NBNORG0000058544,Narycia duplicella,mature,1
NBNORG0000058546,Nascia cilialis,mature,1
NBNORG0000058548,Nemapogon clematella,mature,1
NBNORG0000058549,Nemapogon cloacella,mature,4
NBNORG0000058550,Nemapogon granella,mature,4
NBNORG0000058551,Nemapogon inconditella,mature,4
NBNORG0000058555,Nemapogon koenigi,mature,5
NBNORG0000058552,Nemapogon picarella,mature,3
NBNORG0000058553,Nemapogon ruricolella,mature,3
NBNORG0000058554,Nemapogon variatella,mature,4
NBNORG0000042599,Nematopogon magna,mature,4
NBNORG0000058557,Nematopogon metaxella,mature,2
NBNORG0000058558,Nematopogon pilella,mature,4
NBNORG0000058559,Nematopogon schwarziellus,mature,2
NBNORG0000058560,Nematopogon swammerdamella,mature,2
NBNORG0000058562,Nemaxera betulinella,mature,2
NBNORG0000058563,Nemophora cupriacella,mature,2
NBNORG0000058564,Nemophora degeerella,mature,1
NBNORG0000058565,Nemophora fasciella,mature,2
NBNORG0000058566,Nemophora metallica,mature,2
NBNORG0000058567,Nemophora minimella,mature,2
NBNORG0000057721,Neocochylis dubitana,mature,2
NBNORG0000057723,Neocochylis hybridella,mature,2
NBNORG0000057724,Neocochylis molliculana,mature,2
NBNORG0000058568,Neofaculta ericetella,mature,2
NBNORG0000058569,Neofriseria peliella,mature,3
NBNORG0000058570,Neofriseria singula,mature,3
NBNORG0000058571,Neosphaleroptera nubilana,mature,4
NBNORG0000059116,Neotelphusa sequax,mature,2
NBNORG0000042624,Nephopterix angustella,mature,1
NBNORG0000042638,Niditinea fuscella,mature,4
NBNORG0000058573,Niditinea striolella,mature,4
NBNORG0000058574,Noctua comes,mature,1
NBNORG0000009352,Noctua fimbriata,mature,1
NBNORG0000060196,Noctua interjecta,mature,1
NBNORG0000058575,Noctua interjecta caliginosa,mature,1
NBNORG0000058576,Noctua interjecta interjecta,mature,1
NBNORG0000058577,Noctua janthe,mature,2
NBNORG0000089731,Noctua janthina,mature,2
NBNORG0000009351,Noctua orbona,mature,2
NBNORG0000009350,Noctua pronuba,mature,1
NBNORG0000058580,Nola aerugula,mature,3
NBNORG0000008869,Nola chlamitulalis,mature,3
NBNORG0000058581,Nola confusalis,mature,2
NBNORG0000009331,Nola cucullatella,mature,1
NBNORG0000058583,Nomophila nearctica,mature,4
NBNORG0000058584,Nomophila noctuella,mature,1
NBNORG0000009520,Nonagria typhae,mature,1
NBNORG0000058585,Nothris congressariella,mature,3
NBNORG0000058586,Nothris verbascella,mature,3
NBNORG0000058069,Notocelia cynosbatella,mature,1
NBNORG0000058072,Notocelia incarnatana,mature,2
NBNORG0000058073,Notocelia roborana,mature,2
NBNORG0000058074,Notocelia rosaecolana,mature,2
NBNORG0000058076,Notocelia tetragonana,mature,3
NBNORG0000058077,Notocelia trimaculana,mature,2
NBNORG0000058079,Notocelia uddmanniana,mature,1
NBNORG0000058587,Notodonta dromedarius,mature,1
NBNORG0000058588,Notodonta torva,mature,2
NBNORG0000058589,Notodonta tritophus,mature,2
NBNORG0000058590,Notodonta ziczac,mature,1
NBNORG0000009302,Nudaria mundana,mature,2
NBNORG0000058592,Nyctegretis lineana,mature,3
NBNORG0000086956,Nycteola asiatica,mature,4
NBNORG0000011643,Nycteola revayana,mature,2
NBNORG0000132276,Nycteola siculana,mature,5
NBNORG0000009104,Nycterosea obstipata,mature,1
NBNORG0000058595,Nymphula nitidulata,mature,1
NBNORG0000009058,Ochropacha duplaris,mature,2
NBNORG0000008872,Ochropleura leucogaster,mature,3
NBNORG0000009346,Ochropleura plecta,mature,1
NBNORG0000058598,Ochsenheimeria taurella,mature,2
NBNORG0000058599,Ochsenheimeria urella,mature,2
NBNORG0000058600,Ochsenheimeria vacculella,mature,2
NBNORG0000058602,Ocnerostoma friesei,mature,4
NBNORG0000058603,Ocnerostoma piniariella,mature,4
NBNORG0000009200,Odezia atrata,mature,1
NBNORG0000060149,Odontognophos dumetata,mature,1
NBNORG0000058605,Odontognophos dumetata subsp. dumetata,mature,1
NBNORG0000058606,Odontognophos dumetata subsp. hibernica,mature,1
NBNORG0000009229,Odontopera bidentata,mature,1
NBNORG0000009285,Odontosia carmelita,mature,1
NBNORG0000058607,Oecophora bractella,mature,1
NBNORG0000058609,Oegoconia caradjai,mature,4
NBNORG0000058610,Oegoconia deauratella,mature,4
NBNORG0000122539,Oegoconia novimundi,mature,4
NBNORG0000058611,Oegoconia quadripuncta,mature,4
NBNORG0000058613,Oidaematophorus lithodactyla,mature,2
NBNORG0000058615,Oinophila v-flava,mature,3
NBNORG0000058617,Olethreutes arcuella,mature,1
NBNORG0000060160,Oligia,mature,6
NBNORG0000009497,Oligia fasciuncula,mature,1
NBNORG0000058625,Oligia latruncula,mature,4
NBNORG0000009495,Oligia strigilis,mature,4
NBNORG0000009496,Oligia versicolor,mature,4
NBNORG0000058628,Olindia schumacherana,mature,1
NBNORG0000018502,Oncocera semirubella,mature,1
NBNORG0000009154,Operophtera brumata,mature,2
NBNORG0000009155,Operophtera fagata,mature,2
NBNORG0000009220,Opisthograptis luteolata,mature,1
NBNORG0000097729,Opogona omoscopa,mature,4
NBNORG0000058632,Opostega salaciella,mature,1
NBNORG0000058633,Opostega spatulella,mature,3
NBNORG0000009292,Orgyia antiqua,mature,1
NBNORG0000058635,Orgyia recens,mature,2
NBNORG0000058636,Oria musculosa,mature,1
NBNORG0000042695,Ortholepis betulae,mature,2
NBNORG0000009103,Orthonama vittata,mature,1
NBNORG0000009402,Orthosia cerasi,mature,1
NBNORG0000058639,Orthosia cruda,mature,2
NBNORG0000009404,Orthosia gothica,mature,1
NBNORG0000058640,Orthosia gracilis,mature,1
NBNORG0000009403,Orthosia incerta,mature,1
NBNORG0000058641,Orthosia miniosa,mature,2
NBNORG0000058643,Orthosia opima,mature,2
NBNORG0000009401,Orthosia populeti,mature,2
NBNORG0000058644,Orthotaenia undulana,mature,2
NBNORG0000042697,Orthotelia sparganella,mature,1
NBNORG0000058647,Ostrinia nubilalis,mature,1
NBNORG0000009231,Ourapteryx sambucaria,mature,1
NBNORG0000058171,Oxypteryx atrella,mature,2
NBNORG0000058172,Oxypteryx immaculatella,mature,4
NBNORG0000058173,Oxypteryx unicolorella,mature,4
NBNORG0000058174,Oxypteryx wilkella,mature,2
NBNORG0000058648,Oxyptilus distans,mature,2
NBNORG0000058649,Oxyptilus laetus,mature,3
NBNORG0000058650,Oxyptilus parvidactyla,mature,2
NBNORG0000058651,Oxyptilus pilosellae,mature,3
NBNORG0000041924,Pabulatrix pabulatricula,mature,2
NBNORG0000060253,Pachetra sagittigera,mature,1
NBNORG0000009378,Pachetra sagittigera britannica,mature,1
NBNORG0000058652,Pachetra sagittigera sagittigera,mature,1
NBNORG0000058653,Pachycnemia hippocastanaria,mature,2
NBNORG0000117202,Pachyrhabda steropodes,mature,3
NBNORG0000018477,Pachythelia villosella,mature,3
NBNORG0000006861,Palpita vitrealis,mature,6
NBNORG0000058654,Pammene agnotana,mature,4
NBNORG0000058655,Pammene albuginana,mature,4
NBNORG0000058656,Pammene argyrana,mature,2
NBNORG0000042722,Pammene aurana,mature,1
NBNORG0000042723,Pammene aurita,mature,1
NBNORG0000058657,Pammene fasciana,mature,2
NBNORG0000042724,Pammene gallicana,mature,2
NBNORG0000058658,Pammene germmana,mature,2
NBNORG0000058659,Pammene giganteana,mature,2
NBNORG0000058660,Pammene herrichiana,mature,3
NBNORG0000058668,Pammene ignorata,mature,4
NBNORG0000129766,Pammene juniperana,mature,5
NBNORG0000058661,Pammene luedersiana,mature,4
NBNORG0000058662,Pammene obscurana,mature,4
NBNORG0000058663,Pammene ochsenheimeriana,mature,3
NBNORG0000058664,Pammene populana,mature,2
NBNORG0000058665,Pammene regiana,mature,2
NBNORG0000058666,Pammene rhediella,mature,1
NBNORG0000058667,Pammene spiniana,mature,2
NBNORG0000117533,Pammene splendidulana,mature,2
NBNORG0000058669,Pammene suspectana,mature,3
NBNORG0000058670,Pammene trauniana,mature,4
NBNORG0000058671,Pancalia leuwenhoekella,mature,2
NBNORG0000042729,Pancalia schwarzella,mature,2
NBNORG0000058672,Pandemis cerasana,mature,2
NBNORG0000058673,Pandemis cinnamomeana,mature,2
NBNORG0000058674,Pandemis corylana,mature,1
NBNORG0000058675,Pandemis dumetana,mature,3
NBNORG0000058676,Pandemis heparana,mature,2
NBNORG0000097765,Pandesma robusta,mature,5
NBNORG0000009535,Panemeria tenebrata,mature,2
NBNORG0000058677,Panolis flammea,mature,1
NBNORG0000009385,Papestra biren,mature,1
NBNORG0000058684,Parachronistis albiceps,mature,1
NBNORG0000009585,Paracolax tristalis,mature,1
NBNORG0000058685,Paracorsia repandalis,mature,3
NBNORG0000058124,Paracrania chrysolepidella,mature,3
NBNORG0000058686,Paradarisa consonaria,mature,2
NBNORG0000058687,Paralipsa gularis,mature,2
NBNORG0000058688,Paramesia gnomana,mature,4
NBNORG0000009028,Paranthrene tabaniformis,mature,1
NBNORG0000058691,Parapoynx stratiotata,mature,1
NBNORG0000009576,Parascotia fuliginaria,mature,1
NBNORG0000009315,Parasemia plantaginis,mature,1
NBNORG0000058694,Parasemia plantaginis insularum,mature,1
NBNORG0000008866,Parasemia plantaginis plantaginis,mature,1
NBNORG0000058695,Parastichtis suspecta,mature,2
NBNORG0000042770,Paraswammerdamia albicapitella,mature,2
NBNORG0000058697,Paraswammerdamia nebulella,mature,4
NBNORG0000042773,Paratalanta hyalinalis,mature,2
NBNORG0000042774,Paratalanta pandalis,mature,2
NBNORG0000058698,Pardasena virgulana,mature,6
NBNORG0000058699,Parectopa ononidis,mature,1
NBNORG0000042789,Parectropis similaria,mature,2
NBNORG0000058700,Pareulype berberata,mature,1
NBNORG0000060283,Parornix alpicola,mature,4
NBNORG0000058705,Parornix anglicella,mature,4
NBNORG0000122537,Parornix atripalpella,mature,4
NBNORG0000058706,Parornix betulae,mature,4
NBNORG0000058707,Parornix carpinella,mature,4
NBNORG0000058708,Parornix devoniella,mature,4
NBNORG0000058709,Parornix fagivora,mature,4
NBNORG0000058710,Parornix finitimella,mature,4
NBNORG0000058711,Parornix loganella,mature,4
NBNORG0000058712,Parornix scoticella,mature,4
NBNORG0000041752,Parornix torquillella,mature,4
NBNORG0000042795,Pasiphila chloerata,mature,2
NBNORG0000042796,Pasiphila debiliata,mature,2
NBNORG0000042797,Pasiphila rectangulata,mature,2
NBNORG0000058831,Patania ruralis,mature,1
NBNORG0000042799,Pechipogo plumigeralis,mature,2
NBNORG0000058713,Pechipogo strigilata,mature,2
NBNORG0000018498,Pediasia aridella,mature,2
NBNORG0000058714,Pediasia contaminella,mature,2
NBNORG0000058715,Pediasia fascelinella,mature,2
NBNORG0000058716,Pelochrista caecimaculana,mature,3
NBNORG0000009305,Pelosia muscerda,mature,2
NBNORG0000058717,Pelosia obtusa,mature,2
NBNORG0000009124,Pelurga comitata,mature,1
NBNORG0000058719,Pempelia genistella,mature,1
NBNORG0000058721,Pempelia palumbella,mature,1
NBNORG0000058723,Pempeliella ornatella,mature,3
NBNORG0000099354,Pennisetia hylaeiformis,mature,1
NBNORG0000059130,Pennithera firmata,mature,1
NBNORG0000058724,Perconia strigillaria,mature,1
NBNORG0000042826,Peribatodes ilicaria,mature,3
NBNORG0000058725,Peribatodes rhomboidaria,mature,2
NBNORG0000009240,Peribatodes secundaria,mature,3
NBNORG0000108234,Peribatodes umbraria,mature,5
NBNORG0000058726,Periclepsis cinctana,mature,3
NBNORG0000009281,Peridea anceps,mature,1
NBNORG0000058727,Peridroma saucia,mature,2
NBNORG0000009536,Periphanes delphinii,mature,1
NBNORG0000058473,Perittia farinella,mature,3
NBNORG0000058730,Perittia obscurepunctella,mature,2
NBNORG0000009157,Perizoma affinitata,mature,2
NBNORG0000060302,Perizoma albulata,mature,2
NBNORG0000058731,Perizoma albulata albulata,mature,2
NBNORG0000009162,Perizoma albulata subfasciaria,mature,2
NBNORG0000009158,Perizoma alchemillata,mature,2
NBNORG0000009159,Perizoma bifaciata,mature,2
NBNORG0000060303,Perizoma blandiata,mature,2
NBNORG0000058732,Perizoma blandiata blandiata,mature,2
NBNORG0000008840,Perizoma blandiata perfasciata,mature,2
NBNORG0000009163,Perizoma flavofasciata,mature,1
NBNORG0000060304,Perizoma minorata,mature,2
NBNORG0000009160,Perizoma minorata ericetata,mature,2
NBNORG0000058734,Perizoma minorata minorata,mature,2
NBNORG0000009217,Petrophora chlorosata,mature,1
NBNORG0000058735,Pexicopia malvella,mature,2
NBNORG0000009274,Phalera bucephala,mature,1
NBNORG0000058738,Phalonidia affinitana,mature,2
NBNORG0000058739,Phalonidia curvistrigana,mature,3
NBNORG0000058740,Phalonidia gilvicomana,mature,3
NBNORG0000058741,Phalonidia manniana,mature,4
NBNORG0000117221,Phalonidia udana,mature,4
NBNORG0000058153,Phaneta pauperana,mature,3
NBNORG0000058742,Phaulernis dentella,mature,2
NBNORG0000058743,Phaulernis fulviguttella,mature,1
NBNORG0000009282,Pheosia gnoma,mature,2
NBNORG0000009283,Pheosia tremula,mature,2
NBNORG0000058618,Phiaris metallicana,mature,2
NBNORG0000058621,Phiaris micana,mature,3
NBNORG0000058620,Phiaris obsoletana,mature,2
NBNORG0000058622,Phiaris palustrana,mature,2
NBNORG0000058623,Phiaris schulziana,mature,1
NBNORG0000009102,Phibalapteryx virgata,mature,1
NBNORG0000058744,Phigalia pilosaria,mature,1
NBNORG0000058745,Philedone gerningana,mature,1
NBNORG0000058746,Philedonides lunana,mature,2
NBNORG0000009149,Philereme transversata,mature,2
NBNORG0000058747,Philereme transversata britannica,mature,2
NBNORG0000058748,Philereme transversata transversata,mature,2
NBNORG0000058749,Philereme vetulata,mature,2
NBNORG0000009474,Phlogophora meticulosa,mature,1
NBNORG0000009502,Photedes captiuncula,mature,2
NBNORG0000042860,Photedes captiuncula captiuncula,mature,2
NBNORG0000008897,Photedes captiuncula expolita,mature,2
NBNORG0000041518,Photedes extrema,mature,2
NBNORG0000041519,Photedes fluxa,mature,2
NBNORG0000009503,Photedes minima,mature,1
NBNORG0000041520,Photedes morrisii,mature,2
NBNORG0000041521,Photedes morrisii bondii,mature,2
NBNORG0000057712,Photedes morrisii morrisii,mature,2
NBNORG0000058754,Phragmataecia castaneae,mature,1
NBNORG0000009322,Phragmatobia fuliginosa,mature,1
NBNORG0000008867,Phragmatobia fuliginosa borealis,mature,1
NBNORG0000008868,Phragmatobia fuliginosa fuliginosa,mature,1
NBNORG0000042866,Phtheochroa inopiana,mature,2
NBNORG0000058755,Phtheochroa rugosana,mature,1
NBNORG0000042867,Phtheochroa schreibersiana,mature,3
NBNORG0000042868,Phtheochroa sodaliana,mature,2
NBNORG0000042874,Phthorimaea operculella,mature,4
NBNORG0000058756,Phycita roborella,mature,1
NBNORG0000058758,Phycitodes binaevella,mature,2
NBNORG0000058759,Phycitodes maritima,mature,4
NBNORG0000058760,Phycitodes saxicola,mature,4
NBNORG0000108227,Phyllocnistis ramulicola,mature,4
NBNORG0000058762,Phyllocnistis saligna,mature,4
NBNORG0000058763,Phyllocnistis unipunctella,mature,2
NBNORG0000058764,Phyllocnistis xenia,mature,3
NBNORG0000009047,Phyllodesma ilicifolia,mature,1
NBNORG0000042885,Phyllonorycter acerifoliella,mature,2
NBNORG0000058765,Phyllonorycter anderidae,mature,3
NBNORG0000122538,Phyllonorycter apparella,mature,4
NBNORG0000058766,Phyllonorycter blancardella,mature,4
NBNORG0000058767,Phyllonorycter cavella,mature,4
NBNORG0000058768,Phyllonorycter cerasicolella,mature,4
NBNORG0000058769,Phyllonorycter comparella,mature,3
NBNORG0000058770,Phyllonorycter coryli,mature,4
NBNORG0000058771,Phyllonorycter corylifoliella,mature,2
NBNORG0000058773,Phyllonorycter distentella,mature,4
NBNORG0000058774,Phyllonorycter dubitella,mature,2
NBNORG0000042887,Phyllonorycter emberizaepenella,mature,2
NBNORG0000058793,Phyllonorycter esperella,mature,4
NBNORG0000058775,Phyllonorycter froelichiella,mature,2
NBNORG0000058776,Phyllonorycter geniculella,mature,2
NBNORG0000058777,Phyllonorycter harrisella,mature,1
NBNORG0000058778,Phyllonorycter heegeriella,mature,1
NBNORG0000042888,Phyllonorycter hilarella,mature,2
NBNORG0000109044,Phyllonorycter hostis,mature,4
NBNORG0000058779,Phyllonorycter insignitella,mature,3
NBNORG0000058791,Phyllonorycter joannisi,mature,3
NBNORG0000058780,Phyllonorycter junoniella,mature,2
NBNORG0000058781,Phyllonorycter klemannella,mature,2
NBNORG0000042889,Phyllonorycter kuhlweiniella,mature,3
NBNORG0000058782,Phyllonorycter lantanella,mature,2
NBNORG0000058783,Phyllonorycter lautella,mature,2
NBNORG0000008904,Phyllonorycter leucographella,mature,2
NBNORG0000058784,Phyllonorycter maestingella,mature,4
NBNORG0000058785,Phyllonorycter mespilella,mature,4
NBNORG0000058786,Phyllonorycter messaniella,mature,2
NBNORG0000058787,Phyllonorycter muelleriella,mature,2
NBNORG0000058788,Phyllonorycter nicellii,mature,2
NBNORG0000058789,Phyllonorycter nigrescentella,mature,3
NBNORG0000058790,Phyllonorycter oxyacanthae,mature,4
NBNORG0000116750,Phyllonorycter pastorella,mature,3
NBNORG0000042890,Phyllonorycter platani,mature,2
NBNORG0000058792,Phyllonorycter quercifoliella,mature,2
NBNORG0000058794,Phyllonorycter quinqueguttella,mature,2
NBNORG0000058795,Phyllonorycter rajella,mature,2
NBNORG0000058796,Phyllonorycter roboris,mature,1
NBNORG0000058797,Phyllonorycter sagitella,mature,3
NBNORG0000058798,Phyllonorycter salicicolella,mature,4
NBNORG0000058800,Phyllonorycter scabiosella,mature,3
NBNORG0000058801,Phyllonorycter schreberella,mature,2
NBNORG0000058802,Phyllonorycter scopariella,mature,3
NBNORG0000058803,Phyllonorycter sorbi,mature,4
NBNORG0000042893,Phyllonorycter spinicolella,mature,4
NBNORG0000042894,Phyllonorycter staintoniella,mature,3
NBNORG0000058804,Phyllonorycter stettinensis,mature,2
NBNORG0000058805,Phyllonorycter strigulatella,mature,2
NBNORG0000058806,Phyllonorycter tenerella,mature,2
NBNORG0000058807,Phyllonorycter trifasciella,mature,1
NBNORG0000058808,Phyllonorycter tristrigella,mature,2
NBNORG0000058809,Phyllonorycter ulicicolella,mature,4
NBNORG0000058810,Phyllonorycter ulmifoliella,mature,4
NBNORG0000058811,Phyllonorycter viminetorum,mature,2
NBNORG0000042892,Phyllonorycter viminiella,mature,2
NBNORG0000058812,Phylloporia bistrigella,mature,1
NBNORG0000009010,Phymatopus hecta,mature,1
NBNORG0000009574,Phytometra viridaria,mature,2
NBNORG0000058818,Pima boisduvaliella,mature,2
NBNORG0000042956,Piniphila bifasciana,mature,1
NBNORG0000009219,Plagodis dolabraria,mature,1
NBNORG0000009218,Plagodis pulveraria,mature,1
NBNORG0000058819,Platyedra subcinerea,mature,2
NBNORG0000058820,Platyptilia calodactyla,mature,3
NBNORG0000058821,Platyptilia gonodactyla,mature,2
NBNORG0000058822,Platyptilia isodactylus,mature,2
NBNORG0000058825,Platyptilia tesseradactyla,mature,3
NBNORG0000058826,Platytes alpinella,mature,1
NBNORG0000058827,Platytes cerussella,mature,1
NBNORG0000060334,Plemyria rubiginata,mature,1
NBNORG0000008837,Plemyria rubiginata plumbata,mature,1
NBNORG0000058830,Plemyria rubiginata rubiginata,mature,1
NBNORG0000058832,Pleurota aristella,mature,3
NBNORG0000058833,Pleurota bicostella,mature,1
NBNORG0000058834,Plodia interpunctella,mature,1
NBNORG0000009558,Plusia festucae,mature,2
NBNORG0000060339,Plusia putnami,mature,2
NBNORG0000058835,Plusia putnami gracilis,mature,2
NBNORG0000058836,Plusia putnami putnami,mature,2
NBNORG0000058838,Plutella haasi,mature,3
NBNORG0000058839,Plutella porrectella,mature,1
NBNORG0000058840,Plutella xylostella,mature,1
NBNORG0000009037,Poecilocampa populi,mature,1
NBNORG0000009375,Polia bombycina,mature,2
NBNORG0000009376,Polia hepatica,mature,2
NBNORG0000009377,Polia nebulosa,mature,2
NBNORG0000009557,Polychrysia moneta,mature,1
NBNORG0000058843,Polymixis flavicincta,mature,2
NBNORG0000059822,Polymixis lichenea,mature,1
NBNORG0000058844,Polymixis lichenea lichenea,mature,1
NBNORG0000006858,Polymixis lichenea scillonea,mature,1
NBNORG0000059821,Polymixis xanthomista,mature,2
NBNORG0000009439,Polymixis xanthomista statices,mature,2
NBNORG0000058845,Polymixis xanthomista xanthomista,mature,2
NBNORG0000008882,Polyphaenis sericata,mature,5
NBNORG0000009061,Polyploca ridens,mature,1
NBNORG0000058876,Porrittia galactodactyla,mature,1
NBNORG0000108168,Povolnya leucapennella,mature,2
NBNORG0000058849,Prays fraxinella,mature,1
NBNORG0000097730,Prays oleae,mature,3
NBNORG0000117141,Prays peregrina,mature,3
NBNORG0000117140,Prays ruficeps,mature,2
NBNORG0000058850,Pristerognatha penthinana,mature,3
NBNORG0000043014,Prochoreutis myllerana,mature,4
NBNORG0000043015,Prochoreutis sehestediana,mature,4
NBNORG0000008909,Prolita sexpunctella,mature,2
NBNORG0000018490,Prolita solutella,mature,3
NBNORG0000057576,Promalactis procerella,mature,3
NBNORG0000008860,Proserpinus proserpina,mature,1
NBNORG0000041516,Protarchanara brevilinea,mature,1
NBNORG0000043029,Protodeltote pygarga,mature,1
NBNORG0000058853,Protolampra sobrina,mature,3
NBNORG0000058928,Protoschinia scutosa,mature,1
NBNORG0000058854,Proutia betulina,mature,3
NBNORG0000058855,Psamathocrita argentella,mature,4
NBNORG0000058856,Psamathocrita osseella,mature,4
NBNORG0000043034,Psammotis pulveralis,mature,3
NBNORG0000058857,Pselnophorus heterodactyla,mature,3
NBNORG0000058858,Pseudargyrotoza conwagana,mature,1
NBNORG0000009475,Pseudenargia ulicis,mature,2
NBNORG0000104238,Pseudeustrotia candidula,mature,1
NBNORG0000043047,Pseudococcyx posticana,mature,2
NBNORG0000043048,Pseudococcyx turionella,mature,2
NBNORG0000097766,Pseudocoremia suavis,mature,2
NBNORG0000059532,Pseudoips prasinana,mature,1
NBNORG0000058862,Pseudoips prasinana britannica,mature,1
NBNORG0000058863,Pseudoips prasinana prasinana,mature,1
NBNORG0000009222,Pseudopanthera macularia,mature,1
NBNORG0000043065,Pseudopostega auritella,mature,3
NBNORG0000043066,Pseudopostega crepusculella,mature,2
NBNORG0000058864,Pseudosciaphila branderiana,mature,2
NBNORG0000058865,Pseudoswammerdamia combinella,mature,1
NBNORG0000043075,Pseudotelphusa paripunctella,mature,2
NBNORG0000058866,Pseudotelphusa scalella,mature,2
NBNORG0000102877,Pseudoterpna coronillaria,mature,5
NBNORG0000060368,Pseudoterpna pruinata,mature,1
NBNORG0000009064,Pseudoterpna pruinata atropunctaria,mature,1
NBNORG0000058867,Pseudoterpna pruinata pruinata,mature,1
NBNORG0000058258,Psodos coracina,mature,1
NBNORG0000058868,Psoricoptera gibbosella,mature,2
NBNORG0000058869,Psyche casta,mature,2
NBNORG0000058870,Psyche crassiorella,mature,3
NBNORG0000058872,Psychoides filicivora,mature,2
NBNORG0000058873,Psychoides verhuella,mature,2
NBNORG0000009209,Pterapherapteryx sexalata,mature,2
NBNORG0000058877,Pterophorus pentadactyla,mature,1
NBNORG0000009286,Pterostoma palpina,mature,1
NBNORG0000009284,Ptilodon capucina,mature,1
NBNORG0000058879,Ptilodon cucullina,mature,1
NBNORG0000058880,Ptilophora plumigera,mature,1
NBNORG0000058881,Ptocheuusa paupella,mature,2
NBNORG0000058882,Ptycholoma lecheana,mature,1
NBNORG0000058883,Ptycholomoides aeriferana,mature,1
NBNORG0000058887,Pyralis farinalis,mature,1
NBNORG0000058888,Pyralis lienigialis,mature,2
NBNORG0000117257,Pyrausta aerealis,mature,3
NBNORG0000058891,Pyrausta aurata,mature,2
NBNORG0000058892,Pyrausta cingulata,mature,2
NBNORG0000043080,Pyrausta despicata,mature,1
NBNORG0000058893,Pyrausta nigrata,mature,2
NBNORG0000058894,Pyrausta ostrinalis,mature,2
NBNORG0000058895,Pyrausta purpuralis,mature,2
NBNORG0000018499,Pyrausta sanguinalis,mature,3
NBNORG0000086944,Pyroderces argyrogrammos,mature,3
NBNORG0000058902,Pyropteron chrysidiformis,mature,1
NBNORG0000043378,Pyropteron muscaeformis,mature,1
NBNORG0000009537,Pyrrhia umbra,mature,1
NBNORG0000058903,Recurvaria leucatella,mature,1
NBNORG0000058904,Recurvaria nanella,mature,2
NBNORG0000006864,Retinia resinella,mature,6
NBNORG0000009146,Rheumaptera cervinalis,mature,2
NBNORG0000009145,Rheumaptera hastata,mature,2
NBNORG0000070479,Rheumaptera hastata hastata,mature,2
NBNORG0000070480,Rheumaptera hastata nigrescens,mature,2
NBNORG0000009147,Rheumaptera undulata,mature,1
NBNORG0000058905,Rhigognostis annulatella,mature,2
NBNORG0000058906,Rhigognostis incarnatella,mature,2
NBNORG0000058907,Rhigognostis senilella,mature,2
NBNORG0000058908,Rhizedra lutosa,mature,1
NBNORG0000009100,Rhodometra sacraria,mature,1
NBNORG0000058718,Rhodophaea formosa,mature,1
NBNORG0000043137,Rhopobota myrtillana,mature,2
NBNORG0000058909,Rhopobota naevana,mature,2
NBNORG0000058910,Rhopobota stagnana,mature,2
NBNORG0000058911,Rhopobota ustomaculana,mature,2
NBNORG0000058912,Rhyacia lucipeta,mature,2
NBNORG0000009349,Rhyacia simulans,mature,2
NBNORG0000058913,Rhyacionia buoliana,mature,2
NBNORG0000043138,Rhyacionia logaea,mature,2
NBNORG0000058914,Rhyacionia pinicolana,mature,2
NBNORG0000058915,Rhyacionia pinivorana,mature,2
NBNORG0000009575,Rivula sericealis,mature,1
NBNORG0000058918,Roeslerstammia erxlebella,mature,1
NBNORG0000058919,Roeslerstammia pronubella,mature,4
NBNORG0000009470,Rusina ferruginea,mature,2
NBNORG0000009053,Sabra harpagula,mature,1
NBNORG0000058920,Salebriopsis albicilla,mature,2
NBNORG0000027071,Saturnia pavonia,mature,1
NBNORG0000058921,Saturnia pyri,mature,6
NBNORG0000043233,Schiffermuelleria grandis,mature,3
NBNORG0000117150,Schiffermuelleria schaefferella,mature,3
NBNORG0000058930,Schoenobius gigantella,mature,2
NBNORG0000009581,Schrankia costaestrigalis,mature,2
NBNORG0000058931,Schrankia taenialis,mature,2
NBNORG0000058932,Schreckensteinia festaliella,mature,5
NBNORG0000058934,Sciota adelphella,mature,2
NBNORG0000018503,Sciota hostilis,mature,3
NBNORG0000086967,Sciota rhenella,mature,3
NBNORG0000058935,Sclerocona acutellus,mature,2
NBNORG0000009573,Scoliopteryx libatrix,mature,1
NBNORG0000058936,Scoparia ambigualis,mature,2
NBNORG0000058937,Scoparia ancipitella,mature,2
NBNORG0000058938,Scoparia basistrigalis,mature,2
NBNORG0000058939,Scoparia pyralella,mature,2
NBNORG0000058940,Scoparia subfusca,mature,2
NBNORG0000058943,Scopula emutaria,mature,1
NBNORG0000009082,Scopula floslactata,mature,2
NBNORG0000058945,Scopula imitaria,mature,1
NBNORG0000009076,Scopula immorata,mature,1
NBNORG0000009081,Scopula immutata,mature,2
NBNORG0000009080,Scopula marginepunctata,mature,1
NBNORG0000009077,Scopula nigropunctata,mature,2
NBNORG0000009078,Scopula ornata,mature,1
NBNORG0000009079,Scopula rubiginata,mature,1
NBNORG0000009083,Scopula ternata,mature,2
NBNORG0000060086,Scotopteryx,mature,6
NBNORG0000060087,Scotopteryx bipunctaria,mature,1
NBNORG0000058948,Scotopteryx bipunctaria bipunctaria,mature,1
NBNORG0000009110,Scotopteryx bipunctaria cretata,mature,1
NBNORG0000009111,Scotopteryx chenopodiata,mature,1
NBNORG0000060088,Scotopteryx luridata,mature,3
NBNORG0000058949,Scotopteryx luridata luridata,mature,3
NBNORG0000009116,Scotopteryx luridata plumbaria,mature,3
NBNORG0000009109,Scotopteryx moeniata,mature,5
NBNORG0000009113,Scotopteryx mucronata,mature,3
NBNORG0000058950,Scotopteryx mucronata mucronata,mature,3
NBNORG0000009115,Scotopteryx mucronata scotica,mature,3
NBNORG0000009114,Scotopteryx mucronata umbrifera,mature,3
NBNORG0000058951,Scotopteryx peribolata,mature,1
NBNORG0000058952,Scrobipalpa acuminatella,mature,4
NBNORG0000058953,Scrobipalpa artemisiella,mature,4
NBNORG0000058954,Scrobipalpa atriplicella,mature,4
NBNORG0000058955,Scrobipalpa clintoni,mature,4
NBNORG0000058956,Scrobipalpa costella,mature,1
NBNORG0000058957,Scrobipalpa instabilella,mature,4
NBNORG0000058958,Scrobipalpa murinella,mature,4
NBNORG0000058959,Scrobipalpa nitentella,mature,4
NBNORG0000058960,Scrobipalpa obsoletella,mature,4
NBNORG0000058961,Scrobipalpa ocellatella,mature,4
NBNORG0000008908,Scrobipalpa pauperella,mature,4
NBNORG0000117187,Scrobipalpa salicorniae,mature,4
NBNORG0000060090,Scrobipalpa samadensis,mature,4
NBNORG0000058965,Scrobipalpa stangei,mature,4
NBNORG0000058966,Scrobipalpa suaedella,mature,4
NBNORG0000058967,Scrobipalpula diffluella,mature,4
NBNORG0000058968,Scrobipalpula tussilaginis,mature,4
NBNORG0000058969,Scythris cicadella,mature,4
NBNORG0000058971,Scythris empetrella,mature,3
NBNORG0000058972,Scythris fallacella,mature,3
NBNORG0000058973,Scythris fuscoaenea,mature,4
NBNORG0000058974,Scythris grandipennis,mature,2
NBNORG0000058975,Scythris inspersella,mature,3
NBNORG0000058976,Scythris limbella,mature,2
NBNORG0000058977,Scythris picaepennis,mature,4
NBNORG0000006842,Scythris potentillella,mature,6
NBNORG0000058978,Scythris siccella,mature,3
NBNORG0000058970,Scythris subcinctella,mature,4
NBNORG0000058980,Scythropia crataegella,mature,2
NBNORG0000009525,Sedina buettneri,mature,2
NBNORG0000058982,Selagia argyrella,mature,3
NBNORG0000058983,Selania leplastriana,mature,3
NBNORG0000009227,Selenia dentaria,mature,1
NBNORG0000058984,Selenia lunularia,mature,2
NBNORG0000009228,Selenia tetralunaria,mature,2
NBNORG0000009241,Selidosema brunnearia,mature,1
NBNORG0000058985,Selidosema brunnearia brunnearia,mature,1
NBNORG0000117297,Selidosema brunnearia scandinaviaria,mature,1
NBNORG0000070482,Selidosema brunnearia tyronensis,mature,1
NBNORG0000058987,Semioscopis avellanella,mature,2
NBNORG0000058988,Semioscopis steinkellneriana,mature,2
NBNORG0000042590,Senta flammea,mature,1
NBNORG0000108160,Sesamia nonagrioides,mature,5
NBNORG0000009027,Sesia apiformis,mature,2
NBNORG0000058989,Sesia bembeciformis,mature,2
NBNORG0000009300,Setina irrorella,mature,1
NBNORG0000122554,Sideridis reticulata,mature,2
NBNORG0000117407,Sideridis reticulata hibernica,mature,2
NBNORG0000117406,Sideridis reticulata marginosa,mature,2
NBNORG0000117405,Sideridis reticulata reticulata,mature,2
NBNORG0000009387,Sideridis rivularis,mature,2
NBNORG0000058995,Sideridis turbida,mature,2
NBNORG0000009460,Simyra albovenosa,mature,2
NBNORG0000009256,Siona lineata,mature,1
NBNORG0000058996,Sitochroa palealis,mature,1
NBNORG0000058997,Sitochroa verticalis,mature,1
NBNORG0000058998,Sitotroga cerealella,mature,4
NBNORG0000009264,Smerinthus ocellata,mature,1
NBNORG0000059001,Sophronia semicostella,mature,2
NBNORG0000059002,Sorhagenia janiszewskae,mature,4
NBNORG0000059003,Sorhagenia lophyrella,mature,4
NBNORG0000059004,Sorhagenia rhamniella,mature,4
NBNORG0000059005,Spaelotis ravida,mature,2
NBNORG0000059006,Spargania luctuata,mature,2
NBNORG0000059007,Sparganothis pilleriana,mature,2
NBNORG0000059008,Spatalistis bifasciana,mature,2
NBNORG0000009261,Sphinx ligustri,mature,1
NBNORG0000009262,Sphinx pinastri,mature,1
NBNORG0000043318,Spilonota laricana,mature,4
NBNORG0000059012,Spilonota ocellana,mature,1
NBNORG0000009318,Spilosoma lubricipeda,mature,1
NBNORG0000009319,Spilosoma lutea,mature,1
NBNORG0000009320,Spilosoma urticae,mature,2
NBNORG0000059013,Spodoptera cilium,mature,3
NBNORG0000059014,Spodoptera exigua,mature,1
NBNORG0000009530,Spodoptera littoralis,mature,1
NBNORG0000059015,Spoladea recurvalis,mature,1
NBNORG0000059016,Spuleria flavicaput,mature,2
NBNORG0000009348,Standfussiana lucernea,mature,2
NBNORG0000059017,Stathmopoda pedella,mature,1
NBNORG0000009279,Stauropus fagi,mature,1
NBNORG0000102878,Stegania cararia,mature,1
NBNORG0000059019,Stegania trimaculata,mature,2
NBNORG0000059020,Stenolechia gemmella,mature,2
NBNORG0000099287,Stenoptilia annadactyla,mature,4
NBNORG0000059021,Stenoptilia bipunctidactyla,mature,2
NBNORG0000117204,Stenoptilia inopinata,mature,4
NBNORG0000043332,Stenoptilia islandicus,mature,3
NBNORG0000043333,Stenoptilia millieridactyla,mature,2
NBNORG0000059022,Stenoptilia pneumonanthes,mature,3
NBNORG0000059023,Stenoptilia pterodactyla,mature,2
NBNORG0000108491,Stenoptilia scabiodactylus,mature,3
NBNORG0000059024,Stenoptilia zophodactylus,mature,2
NBNORG0000059025,Stenoptinea cyaneimarmorella,mature,3
NBNORG0000059026,Stephensia brunnichella,mature,2
NBNORG0000018478,Sterrhopterix fusca,mature,3
NBNORG0000058619,Stictea mygindiana,mature,2
NBNORG0000059028,Stigmella aceris,mature,5
NBNORG0000059029,Stigmella aeneofasciella,mature,5
NBNORG0000059030,Stigmella alnetella,mature,5
NBNORG0000059031,Stigmella anomalella,mature,5
NBNORG0000059032,Stigmella assimilella,mature,5
NBNORG0000059033,Stigmella atricapitella,mature,5
NBNORG0000059034,Stigmella aurella,mature,5
NBNORG0000059035,Stigmella auromarginella,mature,5
NBNORG0000059036,Stigmella basiguttella,mature,5
NBNORG0000059037,Stigmella betulicola,mature,5
NBNORG0000059038,Stigmella carpinella,mature,5
NBNORG0000059039,Stigmella catharticella,mature,5
NBNORG0000059040,Stigmella centifoliella,mature,5
NBNORG0000059041,Stigmella confusella,mature,5
NBNORG0000059042,Stigmella continuella,mature,5
NBNORG0000059043,Stigmella crataegella,mature,5
NBNORG0000059044,Stigmella desperatella,mature,5
NBNORG0000059045,Stigmella dryadella,mature,5
NBNORG0000059082,Stigmella filipendulae,mature,5
NBNORG0000059047,Stigmella floslactella,mature,5
NBNORG0000059048,Stigmella glutinosae,mature,5
NBNORG0000059049,Stigmella hemargyrella,mature,5
NBNORG0000059050,Stigmella hybnerella,mature,5
NBNORG0000043340,Stigmella incognitella,mature,5
NBNORG0000059051,Stigmella lapponica,mature,5
NBNORG0000043341,Stigmella lemniscella,mature,5
NBNORG0000059052,Stigmella luteella,mature,5
NBNORG0000043342,Stigmella magdalenae,mature,5
NBNORG0000059053,Stigmella malella,mature,5
NBNORG0000059054,Stigmella mespilicola,mature,5
NBNORG0000059055,Stigmella microtheriella,mature,5
NBNORG0000059056,Stigmella minusculella,mature,5
NBNORG0000059057,Stigmella myrtillella,mature,5
NBNORG0000059058,Stigmella nylandriella,mature,5
NBNORG0000059059,Stigmella obliquella,mature,5
NBNORG0000059060,Stigmella oxyacanthella,mature,5
NBNORG0000059061,Stigmella paradoxa,mature,5
NBNORG0000059062,Stigmella perpygmaeella,mature,5
NBNORG0000059063,Stigmella plagicolella,mature,5
NBNORG0000059064,Stigmella poterii,mature,5
NBNORG0000043345,Stigmella pretiosa,mature,5
NBNORG0000059065,Stigmella prunetorum,mature,5
NBNORG0000059066,Stigmella pyri,mature,5
NBNORG0000059067,Stigmella regiella,mature,5
NBNORG0000059068,Stigmella roborella,mature,5
NBNORG0000059069,Stigmella ruficapitella,mature,5
NBNORG0000043346,Stigmella sakhalinella,mature,5
NBNORG0000059070,Stigmella salicis,mature,5
NBNORG0000059071,Stigmella samiatella,mature,5
NBNORG0000059072,Stigmella sorbi,mature,5
NBNORG0000059073,Stigmella speciosa,mature,5
NBNORG0000059074,Stigmella spinosissimae,mature,5
NBNORG0000059075,Stigmella splendidissimella,mature,5
NBNORG0000059076,Stigmella suberivora,mature,5
NBNORG0000059077,Stigmella svenssoni,mature,5
NBNORG0000059078,Stigmella tiliae,mature,5
NBNORG0000059079,Stigmella tityrella,mature,5
NBNORG0000059080,Stigmella torminalis,mature,5
NBNORG0000059081,Stigmella trimaculella,mature,5
NBNORG0000059083,Stigmella ulmivora,mature,5
NBNORG0000059084,Stigmella viscerella,mature,5
NBNORG0000059085,Stigmella zelleriella,mature,5
NBNORG0000009533,Stilbia anomala,mature,1
NBNORG0000059088,Strophedra nitidana,mature,2
NBNORG0000059089,Strophedra weirana,mature,2
NBNORG0000057283,Subacronicta megacephala,mature,2
NBNORG0000009443,Sunira circellaris,mature,2
NBNORG0000059090,Swammerdamia caesiella,mature,4
NBNORG0000059091,Swammerdamia compunctella,mature,4
NBNORG0000059092,Swammerdamia passerella,mature,3
NBNORG0000059093,Swammerdamia pyrella,mature,2
NBNORG0000059094,Symmoca signatella,mature,3
NBNORG0000009033,Synanthedon andrenaeformis,mature,1
NBNORG0000009036,Synanthedon culiciformis,mature,1
NBNORG0000009032,Synanthedon flaviventris,mature,1
NBNORG0000009035,Synanthedon formicaeformis,mature,1
NBNORG0000009034,Synanthedon myopaeformis,mature,1
NBNORG0000009031,Synanthedon scoliaeformis,mature,1
NBNORG0000059096,Synanthedon spheciformis,mature,1
NBNORG0000009029,Synanthedon tipuliformis,mature,1
NBNORG0000009030,Synanthedon vespiformis,mature,1
NBNORG0000059097,Synaphe punctalis,mature,1
NBNORG0000060141,Syndemis musculana,mature,1
NBNORG0000009563,Syngrapha interrogationis,mature,2
NBNORG0000009534,Synthymia fixa,mature,2
NBNORG0000043404,Tachystola acroxantha,mature,1
NBNORG0000059109,Taleporia tubulosa,mature,1
NBNORG0000009464,Tathorhynchus exsiccata,mature,1
NBNORG0000059111,Tebenna micalis,mature,3
NBNORG0000059113,Telechrysis tripuncta,mature,2
NBNORG0000059114,Teleiodes flavimaculella,mature,4
NBNORG0000059115,Teleiodes luculella,mature,1
NBNORG0000059117,Teleiodes vulgella,mature,2
NBNORG0000059118,Teleiodes wagae,mature,4
NBNORG0000059119,Teleiopsis diffinis,mature,2
NBNORG0000059121,Tenaga nigripunctella,mature,3
NBNORG0000060038,Tethea ocularis,mature,1
NBNORG0000059122,Tethea ocularis octogesimea,mature,1
NBNORG0000059123,Tethea ocularis ocularis,mature,1
NBNORG0000060039,Tethea or,mature,2
NBNORG0000008832,Tethea or hibernica,mature,2
NBNORG0000059124,Tethea or or,mature,2
NBNORG0000009057,Tethea or scotica,mature,2
NBNORG0000059125,Tetheella fluctuosa,mature,2
NBNORG0000116224,Tetramoera langmaidi,mature,3
NBNORG0000009068,Thalera fimbrialis,mature,2
NBNORG0000009471,Thalpophila matura,mature,1
NBNORG0000059126,Thaumetopoea pityocampa,mature,2
NBNORG0000009291,Thaumetopoea processionea,mature,2
NBNORG0000059129,Thera britannica,mature,2
NBNORG0000009138,Thera cognata,mature,2
NBNORG0000024879,Thera cupressata,mature,1
NBNORG0000009139,Thera juniperata,mature,1
NBNORG0000117274,Thera juniperata juniperata,mature,1
NBNORG0000117276,Thera juniperata orcadensis,mature,1
NBNORG0000117275,Thera juniperata scotica,mature,1
NBNORG0000059133,Thera obeliscata,mature,2
NBNORG0000108161,Thera vetustata,mature,5
NBNORG0000009253,Theria primaria,mature,2
NBNORG0000059477,Thetidia smaragdaria,mature,1
NBNORG0000117307,Thetidia smaragdaria maritima,mature,1
NBNORG0000117306,Thetidia smaragdaria smaragdaria,mature,1
NBNORG0000059135,Thiodia citrana,mature,2
NBNORG0000043476,Thiotricha subocellea,mature,2
NBNORG0000059136,Thisanotia chrysonuchella,mature,3
NBNORG0000059137,Tholera cespitis,mature,1
NBNORG0000009398,Tholera decimalis,mature,2
NBNORG0000059138,Thumatha senex,mature,2
NBNORG0000009055,Thyatira batis,mature,1
NBNORG0000133810,Thyraylia nana,mature,2
NBNORG0000117490,Thysanoplusia daubei,mature,5
NBNORG0000006852,Thysanoplusia orichalcea,mature,6
NBNORG0000059195,Tiliacea aurago,mature,1
NBNORG0000009449,Tiliacea citrago,mature,1
NBNORG0000059144,Tinagma balteolella,mature,3
NBNORG0000059145,Tinagma ocnerostomella,mature,2
NBNORG0000059146,Tinea columbariella,mature,3
NBNORG0000059147,Tinea dubiella,mature,4
NBNORG0000059149,Tinea flavescentella,mature,4
NBNORG0000059152,Tinea pallescentella,mature,2
NBNORG0000059153,Tinea pellionella,mature,4
NBNORG0000059154,Tinea semifulvella,mature,1
NBNORG0000059156,Tinea trinotella,mature,1
NBNORG0000059159,Tineola bisselliella,mature,1
NBNORG0000059160,Tischeria dodonaea,mature,2
NBNORG0000059161,Tischeria ekebladella,mature,2
NBNORG0000059164,Tortricodes alternella,mature,1
NBNORG0000059166,Tortrix viridana,mature,1
NBNORG0000009472,Trachea atriplicis,mature,1
NBNORG0000129700,Trachypepla contritella,mature,5
NBNORG0000059167,Triaxomasia caprimulgella,mature,3
NBNORG0000059168,Triaxomera fulvimitrella,mature,1
NBNORG0000059169,Triaxomera parasitella,mature,2
NBNORG0000009038,Trichiura crataegi,mature,1
NBNORG0000059172,Trichophaga tapetzella,mature,3
NBNORG0000059173,Trichoplusia ni,mature,2
NBNORG0000009208,Trichopteryx carpinata,mature,2
NBNORG0000059175,Trichopteryx polycommata,mature,2
NBNORG0000043539,Trifurcula beirnei,mature,4
NBNORG0000059176,Trifurcula cryptella,mature,5
NBNORG0000059177,Trifurcula eurema,mature,5
NBNORG0000059178,Trifurcula immundella,mature,5
NBNORG0000043541,Trifurcula squamatella,mature,4
NBNORG0000043542,Trifurcula subnitidella,mature,5
NBNORG0000009438,Trigonophora flammea,mature,1
NBNORG0000009009,Triodia sylvina,mature,1
NBNORG0000009148,Triphosa dubitata,mature,2
NBNORG0000059179,Trisateles emortualis,mature,1
NBNORG0000108229,Tuta absoluta,mature,4
NBNORG0000009327,Tyria jacobaeae,mature,1
NBNORG0000059180,Tyta luctuosa,mature,1
NBNORG0000059182,Udea decrepitalis,mature,2
NBNORG0000059183,Udea ferrugalis,mature,1
NBNORG0000059184,Udea fulvalis,mature,2
NBNORG0000059185,Udea lutealis,mature,1
NBNORG0000059186,Udea olivalis,mature,1
NBNORG0000059187,Udea prunalis,mature,1
NBNORG0000059188,Udea uliginosalis,mature,1
NBNORG0000058720,Uncinus obductella,mature,2
NBNORG0000059189,Uresiphita gilvata,mature,1
NBNORG0000117258,Uresiphita reversalis,mature,3
NBNORG0000009313,Utetheisa pulchella,mature,1
NBNORG0000009201,Venusia blomeri,mature,1
NBNORG0000009202,Venusia cambrica,mature,2
NBNORG0000059174,Vittaplusia vittata,mature,5
NBNORG0000059194,Vitula biviella,mature,2
NBNORG0000043584,Vitula serratilineella,mature,4
NBNORG0000043589,Watsonalla binaria,mature,2
NBNORG0000043590,Watsonalla cultraria,mature,2
NBNORG0000058878,Wheeleria spilodactylus,mature,3
NBNORG0000041906,Whittleia retiella,mature,3
NBNORG0000009450,Xanthia togata,mature,1
NBNORG0000060014,Xanthorhoe,mature,6
NBNORG0000009105,Xanthorhoe biriviata,mature,2
NBNORG0000060015,Xanthorhoe decoloraria,mature,1
NBNORG0000059197,Xanthorhoe decoloraria decoloraria,mature,1
NBNORG0000059198,Xanthorhoe decoloraria hethlandica,mature,1
NBNORG0000009106,Xanthorhoe designata,mature,1
NBNORG0000009107,Xanthorhoe ferrugata,mature,2
NBNORG0000009108,Xanthorhoe fluctuata,mature,1
NBNORG0000006863,Xanthorhoe fluctuata fluctuata,mature,1
NBNORG0000059199,Xanthorhoe fluctuata thules,mature,1
NBNORG0000060016,Xanthorhoe montanata,mature,1
NBNORG0000059200,Xanthorhoe montanata montanata,mature,1
NBNORG0000008835,Xanthorhoe montanata shetlandica,mature,1
NBNORG0000006855,Xanthorhoe quadrifasiata,mature,6
NBNORG0000059201,Xanthorhoe spadicearia,mature,2
NBNORG0000086958,Xanthorhoe spadicearia/ferrugata,mature,6
NBNORG0000059202,Xenolechia aethiops,mature,3
NBNORG0000009367,Xestia agathina,mature,1
NBNORG0000008873,Xestia agathina agathina,mature,1
NBNORG0000008874,Xestia agathina hebridicola,mature,1
NBNORG0000060417,Xestia alpicola,mature,1
NBNORG0000059203,Xestia alpicola alpicola,mature,1
NBNORG0000009361,Xestia alpicola alpina,mature,1
NBNORG0000009364,Xestia ashworthii,mature,1
NBNORG0000059204,Xestia baja,mature,2
NBNORG0000059205,Xestia castanea,mature,2
NBNORG0000009362,Xestia c-nigrum,mature,1
NBNORG0000059206,Xestia ditrapezium,mature,2
NBNORG0000009366,Xestia sexstrigata,mature,1
NBNORG0000009365,Xestia stigmatica,mature,2
NBNORG0000009363,Xestia triangulum,mature,2
NBNORG0000059207,Xestia xanthographa,mature,1
NBNORG0000009433,Xylena exsoleta,mature,2
NBNORG0000058417,Xylena solidaginis,mature,1
NBNORG0000059208,Xylena vetusta,mature,1
NBNORG0000009434,Xylocampa areola,mature,1
NBNORG0000059209,Xystophora pulveratella,mature,4
NBNORG0000059210,Yponomeuta cagnagella,mature,2
NBNORG0000059211,Yponomeuta evonymella,mature,1
NBNORG0000059212,Yponomeuta irrorella,mature,3
NBNORG0000059213,Yponomeuta malinellus,mature,2
NBNORG0000059214,Yponomeuta padella,mature,2
NBNORG0000059215,Yponomeuta plumbella,mature,1
NBNORG0000059216,Yponomeuta rorrella,mature,2
NBNORG0000043611,Yponomeuta sedella,mature,1
NBNORG0000059219,Ypsolopha alpella,mature,2
NBNORG0000059220,Ypsolopha asperella,mature,4
NBNORG0000059221,Ypsolopha dentella,mature,1
NBNORG0000059222,Ypsolopha horridella,mature,1
NBNORG0000059223,Ypsolopha lucella,mature,2
NBNORG0000059224,Ypsolopha mucronella,mature,1
NBNORG0000059225,Ypsolopha nemorella,mature,1
NBNORG0000059226,Ypsolopha parenthesella,mature,2
NBNORG0000059227,Ypsolopha scabrella,mature,1
NBNORG0000059228,Ypsolopha sequella,mature,1
NBNORG0000059229,Ypsolopha sylvella,mature,2
NBNORG0000059230,Ypsolopha ustella,mature,2
NBNORG0000059231,Ypsolopha vittella,mature,2
NBNORG0000043612,Zanclognatha lunalis,mature,2
NBNORG0000043614,Zanclognatha zelleralis,mature,2
NBNORG0000043623,Zeiraphera griseana,mature,2
NBNORG0000059233,Zeiraphera isertana,mature,2
NBNORG0000043624,Zeiraphera ratzeburgiana,mature,2
NBNORG0000059234,Zeiraphera rufimitrana,mature,3
NBNORG0000059235,Zelleria hepariella,mature,2
NBNORG0000117135,Zelleria oleastrella,mature,3
NBNORG0000057380,Zelotherses paleana,mature,1
NBNORG0000057381,Zelotherses unitana,mature,4
NBNORG0000009012,Zeuzera pyrina,mature,1
NBNORG0000041857,Zimmermannia amani,mature,5
NBNORG0000057983,Zimmermannia atrifrontella,mature,4
NBNORG0000117129,Zimmermannia longicaudella,mature,4
NBNORG0000059240,Zophodia grossulariella,mature,3
NBNORG0000059552,Zygaena,mature,6
NBNORG0000059951,Zygaena exulans,mature,2
NBNORG0000059241,Zygaena exulans exulans,mature,2
NBNORG0000009016,Zygaena exulans subochracea,mature,2
NBNORG0000009017,Zygaena filipendulae,mature,1
NBNORG0000059242,Zygaena filipendulae filipendulae,mature,1
NBNORG0000117175,Zygaena filipendulae pulcherrima,mature,1
NBNORG0000008893,Zygaena filipendulae stephensi,mature,1
NBNORG0000009021,Zygaena lonicerae,mature,3
NBNORG0000008830,Zygaena lonicerae insularis,mature,3
NBNORG0000009022,Zygaena lonicerae jocelynae,mature,3
NBNORG0000008829,Zygaena lonicerae latomarginata,mature,3
NBNORG0000059243,Zygaena lonicerae lonicerae,mature,3
NBNORG0000091472,Zygaena lonicerae/trifolii,mature,6
NBNORG0000059952,Zygaena loti,mature,2
NBNORG0000059244,Zygaena loti loti,mature,2
NBNORG0000059245,Zygaena loti scotica,mature,2
NBNORG0000059953,Zygaena purpuralis,mature,1
NBNORG0000009024,Zygaena purpuralis caledonensis,mature,1
NBNORG0000059246,Zygaena purpuralis purpuralis,mature,1
NBNORG0000009025,Zygaena purpuralis sabulosa,mature,1
NBNORG0000009023,Zygaena purpuralis segontii,mature,1
NBNORG0000009019,Zygaena trifolii,mature,3
NBNORG0000070500,Zygaena trifolii decreta,mature,3
NBNORG0000070501,Zygaena trifolii palustrella,mature,3
NBNORG0000117176,Zygaena trifolii subsyracusia,mature,3
NBNORG0000059247,Zygaena trifolii trifolii,mature,3
NBNORG0000059954,Zygaena viciae,mature,3
NBNORG0000008827,Zygaena viciae argyllensis,mature,3
NBNORG0000059248,Zygaena viciae viciae,mature,3
NBNORG0000008828,Zygaena viciae ytenensis,mature,3
